"annotation_id","annotator","comment","commonsense","created_at","id","lead_time","platform","sarcasm","sentiment","updated_at","video_core_content","video_highlight","video_id","video_target_sentiment","video_title","video_url"
1,"1","bọn chúng bạn nghỉ ngơi là mình ăn được ches đầy à kế hoạch ăn 2 vẫn còn nguyên đối với vua châu âu lúc này","'Ches' là cách viết sai chính tả của từ 'chess' (cờ vua), nhưng trong ngữ cảnh này là lỗi gõ của từ 'chén' (ăn uống). 'Ăn 2' là thuật ngữ bóng đá chỉ việc giành được hai danh hiệu lớn trong cùng một mùa giải. 'Vua châu Âu' thường chỉ các đội bóng mạnh như Real Madrid, Bayern Munich hoặc Manchester City.","2026-05-30T03:19:47.652179Z",1,8.67,"youtube","Không mỉa mai","Trung lập","2026-05-30T03:19:47.652196Z","Diễn biến toàn bộ trận đấu bóng đá kịch tính giữa Arsenal và Bournemouth. Arsenal (đội cửa trên) được kỳ vọng sẽ giành chiến thắng dễ dàng nhưng đã vấp phải sự kháng cự mãnh liệt và suýt bị cầm hòa hoặc thua, gây tâm lý căng thẳng tột độ cho người hâm mộ trước khi có màn lội ngược dòng may mắn. Arsenal kiểm soát hoàn toàn thế trận trong hiệp 1, dồn ép đối thủ và nhanh chóng có bàn thắng vươn lên dẫn trước nhờ sự áp đảo của hàng công. Bournemouth bất ngờ vùng lên mạnh mẽ vào đầu hiệp 2, khai thác các lỗ hổng phòng ngự bất cẩn của Arsenal để ghi bàn gỡ hòa khiến thế trận đảo chiều. Trận đấu được đẩy lên đỉnh điểm với một pha thổi penalty đầy tranh cãi từ trọng tài, tạo ra làn sóng phản đối dữ dội từ ban huấn luyện và cầu thủ Arsenal. Những phút bù giờ cuối cùng đầy nghẹt thở, Arsenal ghi được bàn thắng quý như vàng để ấn định chiến thắng sát nút đầy chật vật, giải tỏa áp lực nhưng để lại nhiều hoài nghi về phong độ phòng ngự.","Những sai lầm phòng ngự của Arsenal, pha penalty gây tranh cãi và cú lội ngược dòng đầy may mắn/khó khăn của đội chủ nhà.","5Augh75jX6g","negative","HIGHLIGHTS: ARSENAL - BOURNEMOUTH","https://www.youtube.com/watch?v=5Augh75jX6g"
2,"1","dương em không có vậy","'Dương em không có vậy' là cách nói phủ định rằng người được gọi là 'em' (có thể là người yêu hoặc bạn gái) không có những biểu hiện cảm xúc hay hành động như trong video. 'Dương' ở đây là tên riêng hoặc biệt danh của một người nào đó. Video sử dụng meme mèo để minh họa sự thay đổi tâm trạng của nhân vật 'ẻm' trong mối quan hệ lâu dài.","2026-05-30T03:20:08.271072Z",2,9.957,"tiktok","Không mỉa mai","Trung lập","2026-05-30T03:20:08.271090Z","Video sử dụng các meme mèo được cắt ghép trên nền bối cảnh ban công để mô tả những trạng thái cảm xúc thay đổi của một cô gái trong mối quan hệ lâu dài. Một nhân vật mèo đại diện cho “tôi” đứng khá tĩnh, trong khi nhân vật mèo còn lại đại diện cho “ẻm” thay đổi liên tục qua nhiều biểu cảm và hành động. Text overlay mở đầu bằng câu “Pov: Quen nhau đủ lâu để thấy đủ nhân cách của em”, sau đó là các câu thoại như “A có iu pe hăm?”, “Đêm nay anh là của tôiiii”, “Hình như anh hết thương em rùi!” và “Biến đi thằng choá”. Video không có người thật xuất hiện, toàn bộ diễn biến dựa trên hình mèo, text và hiệu ứng âm thanh. Âm thanh thay đổi theo từng phân cảnh, gồm tiếng cười, tiếng khóc, âm thanh trẻ con và các hiệu ứng hành động ở đoạn cuối.","Meme mèo trên nền ban công; nhân vật “tôi” đứng yên còn nhân vật “ẻm” thay đổi liên tục; text overlay dùng teencode và câu thoại tình cảm; hiệu ứng âm thanh chuyển nhanh theo từng trạng thái.","7628876598191623432","positive","Là sao nữaaa. ...","https://www.tiktok.com/@bbs.house/video/7628876598191623432?is_from_webapp=1"
3,"1","đổi ngược lại tôi nhắn nhiều hơn :red_heart:","Cụm từ 'đổi ngược lại' ở đây chỉ mong muốn thay đổi vai trò trong cuộc trò chuyện, ví dụ như người bình luận muốn trở thành người chủ động gửi tin nhắn nhiều hơn trong mối quan hệ.","2026-05-30T03:20:41.219604Z",3,6.725,"tiktok","Không mỉa mai","Trung lập","2026-05-30T03:20:57.304503Z","Video ghi lại màn hình cuộc trò chuyện Messenger đã được làm mờ và cuộn chậm từ dưới lên, tạo cảm giác người xem đang nhìn lại những đoạn tin nhắn cũ. Không có nhân vật xuất hiện trực tiếp trong video; phần hình ảnh chỉ gồm các bong bóng chat xanh trắng bị làm mờ và chuyển động nhẹ theo thao tác cuộn. Text overlay ở phía trên ghi “Pov : bạn quay lại thời gian anh ấy yêu bạn nhất”, còn giữa màn hình có dòng “iloveusomuch.”. Âm thanh là một ca khúc ballad Trung Quốc có giai điệu chậm, tạo không khí hoài niệm và tiếc nuối. Tổng thể video tập trung vào cảm giác nhớ lại một giai đoạn tình cảm đã qua.","Giao diện Messenger bị làm mờ; thao tác cuộn tin nhắn cũ; text POV về việc quay lại thời điểm được yêu thương; nhạc nền ballad chậm và buồn.","7625986583996402965","negative","..","https://www.tiktok.com/@deomamay275/video/7625986583996402965?is_from_webapp=1"
4,"1","dễ hiểu với","Cụm từ 'dễ hiểu với' là cách nói rút gọn của 'dễ hiểu với những ai đã từng trải qua'. Picasso có cuộc đời tình cảm phức tạp với nhiều mối quan hệ và scandal, được nhiều người coi là trải nghiệm khó hiểu nếu chưa từng trải qua.","2026-05-30T03:23:01.147877Z",4,119.168,"youtube","Không mỉa mai","Tích cực","2026-05-30T03:23:01.147913Z","Video hoạt hình vẽ tay mang phong cách hài hước và châm biếm, kể về cuộc đời, sự nghiệp nghệ thuật vĩ đại đan xen với cuộc sống tình cảm vô cùng phức tạp, đào hoa và đầy scandal của danh họa người Tây Ban Nha Pablo Picasso. Giới thiệu xuất thân, thời thơ ấu và tài năng hội họa thiên bẩm bộc lộ từ rất sớm của Picasso, tạo tiền đề cho hành trình trở thành danh họa thế giới. Quá trình sáng tạo nghệ thuật qua các thời kỳ mang tính bước ngoặt lịch sử: Thời kỳ Xanh lam (Blue Period), Thời kỳ Hoa hồng (Rose Period) và đỉnh cao là việc đồng sáng lập trường phái Lập thể (Cubism). Đi sâu vào góc khuất đời tư, thói trăng hoa 'thay người yêu như thay áo', các mối quan hệ tình cảm phức tạp và những vụ bê bối 'cắm sừng' chấn động của ông. Tóm tắt di sản nghệ thuật khổng lồ nhưng đầy tranh cãi của Picasso, cùng góc nhìn mỉa mai của hậu thế về sự tương phản lớn giữa tài năng kiệt xuất và nhân cách đời tư.","Giải thích về trường phái lập thể, các giai đoạn nghệ thuật (Xanh lam, Hoa hồng) và thói đa tình, ""cắm sừng"" của Picasso.","HyDxRTBnwNM","neutral","Huyền Thoại Đa Tình Páp-Lô Pi-Cát-Xô","https://www.youtube.com/watch?v=HyDxRTBnwNM"
5,"1","bố tổ hát đã tai vãi lồn bộ phận sinh dục nữ","'Bố tổ' là từ lóng mạng chỉ một người có khả năng hát hoặc biểu diễn âm nhạc xuất sắc, thường được sử dụng để chỉ những nghệ sĩ có giọng hát đặc biệt. Câu này có lỗi chính tả và từ ngữ không phù hợp, không liên quan đến nội dung video.","2026-05-30T03:23:27.412585Z",5,25.678,"tiktok","Không mỉa mai","Tích cực","2026-05-30T03:23:27.412600Z","Video tổng hợp các phân cảnh biểu diễn ca khúc “Stay” của Justin Bieber và The Kid LAROI tại lễ hội âm nhạc Coachella. Hình ảnh chủ yếu là sân khấu lớn, ánh sáng mạnh, đám đông khán giả và hai nghệ sĩ di chuyển, hát, nhảy, tương tác với khán giả. Video sử dụng định dạng chia đôi màn hình để hiển thị nhiều góc quay của buổi diễn. Text overlay viết hoa toàn bộ, nhấn mạnh việc cộng đồng mạng dành sự yêu thích đặc biệt cho hai nghệ sĩ và ca khúc này. Voiceover tiếng Việt có giọng đọc hào hứng, lặp lại nội dung chính của text overlay; âm thanh nền là phần trình diễn live của bài hát “Stay”.","Sân khấu Coachella đông khán giả; hai nghệ sĩ biểu diễn ca khúc “Stay”; split-screen nhiều góc quay; voiceover tiếng Việt khen màn trình diễn; nhạc nền là âm thanh live tiếng Anh.","7628089059503590677","positive","Chịu lên sân khấu hát gì cũng được ...","https://www.tiktok.com/@odayconhacbymznews/video/7628089059503590677?is_from_webapp=1"
50,"1","sticker thông điệp ý nghĩa quá","'Sticker thông điệp' là cách gọi một đoạn video hoặc hình ảnh được chia sẻ rộng rãi trên mạng xã hội với nội dung mang tính cảm xúc hoặc truyền tải một thông điệp nhất định. Trong ngữ cảnh này, dòng chữ 'Khi tôi và con bạn thân đi đóng quảng cáo' tạo nên một tình huống gần gũi với cuộc sống thường ngày, khiến cảnh quay trở nên hài hước và dễ dàng nhận diện.","2026-05-30T09:51:03.949780Z",6,64.167,"tiktok","Có mỉa mai","Tích cực","2026-05-30T09:51:03.949795Z","Video là một đoạn cắt từ chương trình thực tế, ghi lại cảnh hai người mẫu Hương Ly và Cao Ngân thực hiện phần quay quảng cáo trong bối cảnh studio phông trắng. Hai nhân vật đứng cạnh nhau, cố gắng đọc lời giới thiệu cho thương hiệu thời trang nhưng nhiều lần nói vấp, dùng sai ý và có cử chỉ khá gượng gạo. Máy quay thường zoom cận vào khuôn mặt lúng túng của hai người mẫu và phản ứng quan sát của giám khảo. Trên màn hình có dòng chữ “Khi tôi và con bạn thân đi đóng quảng cáo”, khiến tình huống được đặt trong bối cảnh đời thường, gần với trải nghiệm của người xem. Âm thanh chủ yếu là lời thoại trực tiếp, với giọng nói ngập ngừng và các khoảng lặng làm nổi bật sự khó xử của cảnh quay.","Bối cảnh studio tối giản; hai người mẫu đọc lời quảng cáo không trôi chảy; giám khảo có phản ứng ngơ ngác; text overlay liên hệ tình huống với trải nghiệm đi quay quảng cáo cùng bạn thân.","7619505128890010901","neutral","Ai ép 2 đứa ?? 🙂","https://www.tiktok.com/@vsface/video/7619505128890010901?is_from_webapp=1"
6,"1","ở Việt Nam thì sao ta chắc không tồn tại nổi","Câu nói này so sánh tình hình kinh doanh của quán lẩu Mạc Thị với thực tế kinh doanh tại Việt Nam. Ở Việt Nam, nhiều quán ăn nổi tiếng cũng thu hút đông khách, nhưng quy mô và sự hỗ trợ từ chính quyền địa phương (như cải thiện đường sá) thường ít phổ biến hơn so với Trung Quốc.","2026-05-30T03:26:43.243341Z",7,120.77,"tiktok","Không mỉa mai","Tiêu cực","2026-05-30T03:26:43.243359Z","Video kể lại câu chuyện về quán lẩu gà Mạc Thị ở Phật Sơn, Quảng Đông, Trung Quốc bỗng trở nên nổi tiếng và thu hút rất đông khách. Ông chủ quán nhiều lần khuyên khách đừng đến vì quán quá đông, nhưng lượng khách vẫn tăng khiến cả gia đình phải tham gia hỗ trợ phục vụ. Video cho thấy cảnh khách xếp hàng, bãi xe đông, con cái của chủ quán chặt gà, ghi đơn và chính quyền địa phương hỗ trợ cải thiện đường sá để đón khách du lịch. Giọng đọc tiếng Việt kể lại câu chuyện với nhịp nhanh, nhấn mạnh việc một quán ăn bình dân bỗng trở thành điểm đến nổi bật. Text overlay dùng chữ in hoa để nêu các chi tiết như “không ngon đâu đừng đến” và “con trai lái Land Rover vẫn phải về chặt gà”.","Quán ăn bình dân ở Quảng Đông đông khách bất ngờ; ông chủ khuyên khách không đến nhưng quán vẫn quá tải; gia đình chủ quán tham gia phục vụ; chính quyền hỗ trợ làm đường và điều phối du lịch địa phương.","7628192889352293653","neutral","Khổ chú","https://www.tiktok.com/@beatnow275/video/7628192889352293653?is_from_webapp=1"
7,"1","em 2k điển hình là 2k7 1 trong những mxh em thấy chán nhất đó chính là tiktok tok đi ngược với số đông em thấy nó cực kì nhàm chán dù đã thử chơi và lướt nhưng mà thật sự nó chả thú vị bởi những thứ vô nghĩa xí trong đó ví dụ của anh đã nói lên suy nghĩ trong đầu em cái xấu thì viral drama nhảy nhót thiếu trừng mực cứ như đi gọi vốn còn cái đẹp thì chìm nghỉm mãi chả được chú ý nhưng 1 mặt tốt em nhận thấy trên tiktok tok là những live môn học nó cực kì hữu ích và đáng để trải nghiệm tổng quan em thấy cũng nên tiết chế lại vì chơi tiktok tok chả tốt lại còn sinh thêm cái tật lười vì chỉ xem những video ngắn làm cho con người ta có xu hướng muốn làm việc nhanh gọn lẹ tốc hành như cách mà mấy cái video trên tiktok tok vận hành và nó đặc biệt chả mấy tốt đẹp khi mxh này khó quản lý của anh China thì đó chính là lý do vì sao lại có 2 app douyin và tiktok tok 2 app này khác nhau chính vì ở chỗ quản lý và vận hành nó ai ném đá gạch gì em nhận hết","'2k7' là cách gọi những người sinh năm 2007. 'TikTok' và 'Douyin' là hai phiên bản của cùng một ứng dụng mạng xã hội video ngắn, trong đó Douyin là phiên bản dành cho thị trường Trung Quốc, còn TikTok là phiên bản quốc tế. 'Viral' là thuật ngữ chỉ nội dung lan truyền nhanh chóng trên mạng xã hội.","2026-05-30T06:50:43.196543Z",8,12239.622,"youtube","Không mỉa mai","Tiêu cực","2026-05-30T06:50:43.196563Z","Góc nhìn chiêm nghiệm sâu sắc và thẳng thắn của vlogger đời đầu JVevermind về thực trạng đen tối, sự độc hại của mạng xã hội hiện đại, nơi con người bị thao túng bởi thế giới ảo, drama dàn dựng và các hệ thống điều hướng dư luận. Đặt vấn đề về sự thay đổi tiêu cực của mạng xã hội: từ một không gian kết nối bạn bè thuần túy trở thành nơi sản sinh văn hóa 'phông bạt', sống ảo và cuồng si danh vọng giả tạo. Chỉ trích trực diện các vụ tạo scandal, dàn dựng drama tinh vi của những người nổi tiếng (như Phạm Thoại, Thủy Tiên) nhằm thâu tóm sự chú ý của đám đông để trục lợi truyền thông. Phân tích cơ chế kỹ thuật đứng sau hậu trường mạng xã hội, giải thích cách các hệ thống bot AI, tài khoản ảo (clone) và đội ngũ seeding được dùng để kích động tranh cãi, định hướng dư luận và thao túng tâm lý người dùng. Đưa ra lời khuyên mang tính triết lý về cách bảo vệ sức khỏe tinh thần, học cách 'ngừng quan tâm' trước những thị phi vô bổ để tìm lại giá trị sống đích thực ngoài đời thực.","Chỉ trích các vụ drama của Phạm Thoại, Thủy Tiên; giải thích cách bot AI được dùng để kích động tranh luận và định hướng dư luận.","foeGbXU6pGI","negative","Mạng Xã Hội không còn vui nữa","https://www.youtube.com/watch?v=foeGbXU6pGI"
8,"1","trend vẽ mắt với amongus nữa không biết ở Việt Nam có nổi không chứ twitter nước ngoài khá nổi","'Among Us' là một trò chơi điện tử mô phỏng về việc tìm kẻ gian trong nhóm, trong đó một số nhân vật có đôi mắt to, tròn và nổi bật. Trend vẽ mắt theo phong cách này đã trở nên phổ biến trên Twitter và TikTok, đặc biệt là trong cộng đồng nghệ thuật và game thủ. Tại Việt Nam, trend này cũng có sự lan truyền nhưng chưa đạt mức phổ biến như ở nước ngoài.","2026-05-30T09:17:20.662873Z",9,13.743,"youtube","Không mỉa mai","Trung lập","2026-05-30T09:17:20.662890Z","Video bình luận mang giọng điệu mỉa mai và hài hước của kênh Vui Vẻ trong 14 phút, tổng hợp và phê phán gay gắt các trào lưu vô tri, nhảm nhí, đần độn và có phần độc hại đang lan truyền mạnh mẽ trên mạng xã hội TikTok và YouTube hiện nay. Liệt kê và châm biếm các trào lưu vô tri nổi bật như trend cố tình 'gửi nhầm ảnh nhạy cảm' rồi xem đó là trò đùa, các thử thách nguy hiểm để câu like và sự thịnh hành của hệ tư tưởng Alpha male lỗi thời. Phân tích sự biến tướng và thương mại hóa quá đà của các trào lưu 'chữa lành' (Healing) giả tạo, đánh vào tâm lý yếu đuối của người trẻ nhằm mục đích trục lợi tài chính. Bóc trần hiện tượng vô đạo đức khi vụ việc đau lòng của chàng trai 'Mèo Béo' bị hàng loạt TikToker, YouTuber lợi dụng cắt ghép, dựng content giả câu view bất chấp nỗi đau của người trong cuộc. Đưa ra lời cảnh báo nghiêm túc về tác hại lâu dài của các nội dung bẩn, vô bổ (nhux Skibidi Toilet) đến tư duy nhận thức của trẻ em, kêu gọi người dùng tỉnh táo thanh lọc không gian mạng.","Phân tích sự biến tướng của trào lưu ""Healing"", vụ việc ""Mèo Béo"" bị lợi dụng câu view, sự ảnh hưởng xấu của content ""bẩn"" tới trẻ em.","fnTfJ130mjw","negative","Tất cả những trend đần độn nhất trên mạng xã hội trong 14 phút","https://www.youtube.com/watch?v=fnTfJ130mjw"
9,"1","sticker tặng à","'Sticker' là hình ảnh động hoặc tĩnh được sử dụng trong các ứng dụng nhắn tin để thể hiện cảm xúc hoặc thông điệp. Trong video dạng Q&A, creator có thể tặng sticker cho fan như một hình thức tương tác.","2026-05-30T09:18:44.494515Z",10,83.464,"tiktok","Không mỉa mai","Trung lập","2026-05-30T09:18:44.494590Z","Video thuộc dạng Q&A/talking head, trong đó một nam creator trẻ trả lời các bình luận trêu đùa của fan bằng các câu phản hồi ngắn, thẳng và mang tính bông đùa. Nhân vật quay cận mặt trong phòng riêng, phía sau có thú bông và sử dụng hiệu ứng nhiễu TV để chuyển giữa các câu hỏi. Trên màn hình hiển thị các câu hỏi hoặc nhận xét của fan, kèm câu trả lời của creator, trong đó có nhiều teencode tiếng Việt như “a”, “v”, “e”, “dc”. Creator thường cười, nháy mắt, vuốt tóc hoặc tạo dáng theo trend trong khi trả lời. Âm thanh gồm lời nói trực tiếp bằng tiếng Việt và nhạc nền lofi nhẹ, tạo không khí tương tác thân mật giữa creator và người xem.","Dạng Q&A phản hồi bình luận fan; quay cận mặt trong phòng riêng; hiệu ứng nhiễu TV khi chuyển câu hỏi; nhiều teencode tiếng Việt; nhạc nền lofi nhẹ.","7628678480326135060","neutral","11h đêm thoại sảng quá sảng :))","https://www.tiktok.com/@bijouoday/video/7628678480326135060?is_from_webapp=1"
10,"1","bài gì mà dở quá","'Dở quá' là cách nói ngắn gọn để chỉ việc không hài lòng với chất lượng bài hát hoặc màn trình diễn. 'Giấy ghi chú tâm nguyện' là ca khúc được nhóm Lý Tiểu Nhiễm, Đường Nghệ Hân và Vương Mông biểu diễn trong vòng Công diễn 1 của chương trình.","2026-05-30T09:18:52.444578Z",11,7.542,"youtube","Không mỉa mai","Tiêu cực","2026-05-30T09:18:52.444593Z","Màn trình diễn ca khúc 'Giấy ghi chú tâm nguyện' ngọt ngào và trẻ trung của nhóm nghệ sĩ Lý Tiểu Nhiễm, Đường Nghệ Hân và Vương Mông tại vòng Công diễn 1 của chương trình thực tế 'Chị Đẹp Đạp Gió 2026'. Giới thiệu các thành viên trong đội hình (Lý Tiểu Nhiễm, Đường Nghệ Hân, Vương Mông), ý tưởng dàn dựng sân khấu lấy cảm hứng thanh xuân và quá trình luyện tập vất vả trước giờ G. Mở đầu tiết mục với giai điệu nhẹ nhàng, các nghệ sĩ xuất hiện rạng rỡ trong trang phục dễ thương, mang lại không khí trong trẻo và hoài niệm cho khán giả. Đoạn cao trào của ca khúc phô diễn sự kết hợp giọng hát hòa quyện, vũ đạo đồng đều và các khoảnh khắc tương tác ngọt ngào giữa các tỷ tỷ trên sân khấu. Phần kết thúc tiết mục trong tiếng reo hò cổ vũ của khán giả tại trường quay, nhận xét từ ban giám khảo và màn reaction đầy hào hứng của các nghệ sĩ khác từ phòng chờ.","Sự kết hợp giữa các nghệ sĩ Lý Tiểu Nhiễm, Đường Nghệ Hân; phong cách biểu diễn trẻ trung, mang tính giải trí thuần túy.","yM8XxAwUM_M","positive","GIẤY GHI CHÚ TÂM NGUYỆN","https://www.youtube.com/watch?v=yM8XxAwUM_M"
11,"1","năm nay về nhì nữa thì xứng đáng có cúp vàng :party_popper:","':party_popper:' là biểu tượng emoji dùng để thể hiện niềm vui, ăn mừng hoặc chúc mừng. Cúp vàng thường chỉ giải vô địch cao nhất trong một mùa giải bóng đá, như Premier League ở Anh, nơi Arsenal là một câu lạc bộ tham gia.","2026-05-30T09:20:20.822278Z",12,88.115,"youtube","Không mỉa mai","Tích cực","2026-05-30T09:20:20.822294Z","Diễn biến toàn bộ trận đấu bóng đá kịch tính giữa Arsenal và Bournemouth. Arsenal (đội cửa trên) được kỳ vọng sẽ giành chiến thắng dễ dàng nhưng đã vấp phải sự kháng cự mãnh liệt và suýt bị cầm hòa hoặc thua, gây tâm lý căng thẳng tột độ cho người hâm mộ trước khi có màn lội ngược dòng may mắn. Arsenal kiểm soát hoàn toàn thế trận trong hiệp 1, dồn ép đối thủ và nhanh chóng có bàn thắng vươn lên dẫn trước nhờ sự áp đảo của hàng công. Bournemouth bất ngờ vùng lên mạnh mẽ vào đầu hiệp 2, khai thác các lỗ hổng phòng ngự bất cẩn của Arsenal để ghi bàn gỡ hòa khiến thế trận đảo chiều. Trận đấu được đẩy lên đỉnh điểm với một pha thổi penalty đầy tranh cãi từ trọng tài, tạo ra làn sóng phản đối dữ dội từ ban huấn luyện và cầu thủ Arsenal. Những phút bù giờ cuối cùng đầy nghẹt thở, Arsenal ghi được bàn thắng quý như vàng để ấn định chiến thắng sát nút đầy chật vật, giải tỏa áp lực nhưng để lại nhiều hoài nghi về phong độ phòng ngự.","Những sai lầm phòng ngự của Arsenal, pha penalty gây tranh cãi và cú lội ngược dòng đầy may mắn/khó khăn của đội chủ nhà.","5Augh75jX6g","negative","HIGHLIGHTS: ARSENAL - BOURNEMOUTH","https://www.youtube.com/watch?v=5Augh75jX6g"
12,"1","bình thường nghe nhạc mấy bài kéo dài 3 phút kiểu này thấy nó quá ngắn mà nghe cái này 2 phút như đã nghe cả tiếng mà chưa hết đủ hiểu bài này nó dở tới mức nào khiến tôi mất hết kiên nhẫn ngồi coi","Bình luận này sử dụng phép so sánh thời gian để nhấn mạnh sự nhàm chán hoặc thiếu hấp dẫn của tiết mục. Ca khúc 'Giấy ghi chú tâm nguyện' có độ dài khoảng 2 phút 30 giây, ngắn hơn nhiều so với các bài hát pop thông thường (thường từ 3 đến 4 phút).","2026-05-30T09:20:49.047456Z",13,27.905,"youtube","Không mỉa mai","Tiêu cực","2026-05-30T09:20:49.047476Z","Màn trình diễn ca khúc 'Giấy ghi chú tâm nguyện' ngọt ngào và trẻ trung của nhóm nghệ sĩ Lý Tiểu Nhiễm, Đường Nghệ Hân và Vương Mông tại vòng Công diễn 1 của chương trình thực tế 'Chị Đẹp Đạp Gió 2026'. Giới thiệu các thành viên trong đội hình (Lý Tiểu Nhiễm, Đường Nghệ Hân, Vương Mông), ý tưởng dàn dựng sân khấu lấy cảm hứng thanh xuân và quá trình luyện tập vất vả trước giờ G. Mở đầu tiết mục với giai điệu nhẹ nhàng, các nghệ sĩ xuất hiện rạng rỡ trong trang phục dễ thương, mang lại không khí trong trẻo và hoài niệm cho khán giả. Đoạn cao trào của ca khúc phô diễn sự kết hợp giọng hát hòa quyện, vũ đạo đồng đều và các khoảnh khắc tương tác ngọt ngào giữa các tỷ tỷ trên sân khấu. Phần kết thúc tiết mục trong tiếng reo hò cổ vũ của khán giả tại trường quay, nhận xét từ ban giám khảo và màn reaction đầy hào hứng của các nghệ sĩ khác từ phòng chờ.","Sự kết hợp giữa các nghệ sĩ Lý Tiểu Nhiễm, Đường Nghệ Hân; phong cách biểu diễn trẻ trung, mang tính giải trí thuần túy.","yM8XxAwUM_M","positive","GIẤY GHI CHÚ TÂM NGUYỆN","https://www.youtube.com/watch?v=yM8XxAwUM_M"
13,"1","tối nay city khó ăn chè lắm","'Ăn chè' là tiếng lóng chỉ việc giành chiến thắng dễ dàng, thường dùng trong bóng đá. Manchester City (City) là đối thủ cạnh tranh trực tiếp với Arsenal trong cuộc đua vô địch Premier League mùa giải này.","2026-05-30T09:21:06.148875Z",14,16.788,"youtube","Có mỉa mai","Tiêu cực","2026-05-30T09:21:06.148891Z","Diễn biến toàn bộ trận đấu bóng đá kịch tính giữa Arsenal và Bournemouth. Arsenal (đội cửa trên) được kỳ vọng sẽ giành chiến thắng dễ dàng nhưng đã vấp phải sự kháng cự mãnh liệt và suýt bị cầm hòa hoặc thua, gây tâm lý căng thẳng tột độ cho người hâm mộ trước khi có màn lội ngược dòng may mắn. Arsenal kiểm soát hoàn toàn thế trận trong hiệp 1, dồn ép đối thủ và nhanh chóng có bàn thắng vươn lên dẫn trước nhờ sự áp đảo của hàng công. Bournemouth bất ngờ vùng lên mạnh mẽ vào đầu hiệp 2, khai thác các lỗ hổng phòng ngự bất cẩn của Arsenal để ghi bàn gỡ hòa khiến thế trận đảo chiều. Trận đấu được đẩy lên đỉnh điểm với một pha thổi penalty đầy tranh cãi từ trọng tài, tạo ra làn sóng phản đối dữ dội từ ban huấn luyện và cầu thủ Arsenal. Những phút bù giờ cuối cùng đầy nghẹt thở, Arsenal ghi được bàn thắng quý như vàng để ấn định chiến thắng sát nút đầy chật vật, giải tỏa áp lực nhưng để lại nhiều hoài nghi về phong độ phòng ngự.","Những sai lầm phòng ngự của Arsenal, pha penalty gây tranh cãi và cú lội ngược dòng đầy may mắn/khó khăn của đội chủ nhà.","5Augh75jX6g","negative","HIGHLIGHTS: ARSENAL - BOURNEMOUTH","https://www.youtube.com/watch?v=5Augh75jX6g"
14,"1","người ta thì đổi chiều cao lấy giọng hát còn mấy mẹ này đổi giọng hát lấy nhan sắc hay gì với","'Mấy mẹ này' là cách gọi thân mật, không chính thức, dành cho nhóm nghệ sĩ nữ trong video. 'Đổi giọng hát lấy nhan sắc' là một cách diễn đạt chỉ việc tập trung vào ngoại hình hơn là tài năng âm nhạc, thường được dùng để chỉ những nghệ sĩ có vẻ ngoài thu hút nhưng không được đánh giá cao về kỹ năng.","2026-05-30T09:22:11.608128Z",15,65.185,"youtube","Không mỉa mai","Tiêu cực","2026-05-30T09:22:11.608145Z","Màn trình diễn ca khúc 'Giấy ghi chú tâm nguyện' ngọt ngào và trẻ trung của nhóm nghệ sĩ Lý Tiểu Nhiễm, Đường Nghệ Hân và Vương Mông tại vòng Công diễn 1 của chương trình thực tế 'Chị Đẹp Đạp Gió 2026'. Giới thiệu các thành viên trong đội hình (Lý Tiểu Nhiễm, Đường Nghệ Hân, Vương Mông), ý tưởng dàn dựng sân khấu lấy cảm hứng thanh xuân và quá trình luyện tập vất vả trước giờ G. Mở đầu tiết mục với giai điệu nhẹ nhàng, các nghệ sĩ xuất hiện rạng rỡ trong trang phục dễ thương, mang lại không khí trong trẻo và hoài niệm cho khán giả. Đoạn cao trào của ca khúc phô diễn sự kết hợp giọng hát hòa quyện, vũ đạo đồng đều và các khoảnh khắc tương tác ngọt ngào giữa các tỷ tỷ trên sân khấu. Phần kết thúc tiết mục trong tiếng reo hò cổ vũ của khán giả tại trường quay, nhận xét từ ban giám khảo và màn reaction đầy hào hứng của các nghệ sĩ khác từ phòng chờ.","Sự kết hợp giữa các nghệ sĩ Lý Tiểu Nhiễm, Đường Nghệ Hân; phong cách biểu diễn trẻ trung, mang tính giải trí thuần túy.","yM8XxAwUM_M","positive","GIẤY GHI CHÚ TÂM NGUYỆN","https://www.youtube.com/watch?v=yM8XxAwUM_M"
15,"1","tránh xa tình yêu thì tôi là mình nữ an tĩnh nhé :face_holding_back_tears:","'Mình nữ an tĩnh' là cách nói nhấn mạnh việc tự nhận mình là người phụ nữ điềm tĩnh, bình thản. Biểu tượng :face_holding_back_tears: là emoji thể hiện sự cố gắng kìm nén cảm xúc, thường dùng khi muốn tỏ ra mạnh mẽ nhưng vẫn có chút buồn.","2026-05-30T09:25:00.767520Z",16,168.913,"tiktok","Không mỉa mai","Trung lập","2026-05-30T09:25:00.767536Z","Video sử dụng các meme mèo được cắt ghép trên nền bối cảnh ban công để mô tả những trạng thái cảm xúc thay đổi của một cô gái trong mối quan hệ lâu dài. Một nhân vật mèo đại diện cho “tôi” đứng khá tĩnh, trong khi nhân vật mèo còn lại đại diện cho “ẻm” thay đổi liên tục qua nhiều biểu cảm và hành động. Text overlay mở đầu bằng câu “Pov: Quen nhau đủ lâu để thấy đủ nhân cách của em”, sau đó là các câu thoại như “A có iu pe hăm?”, “Đêm nay anh là của tôiiii”, “Hình như anh hết thương em rùi!” và “Biến đi thằng choá”. Video không có người thật xuất hiện, toàn bộ diễn biến dựa trên hình mèo, text và hiệu ứng âm thanh. Âm thanh thay đổi theo từng phân cảnh, gồm tiếng cười, tiếng khóc, âm thanh trẻ con và các hiệu ứng hành động ở đoạn cuối.","Meme mèo trên nền ban công; nhân vật “tôi” đứng yên còn nhân vật “ẻm” thay đổi liên tục; text overlay dùng teencode và câu thoại tình cảm; hiệu ứng âm thanh chuyển nhanh theo từng trạng thái.","7628876598191623432","positive","Là sao nữaaa. ...","https://www.tiktok.com/@bbs.house/video/7628876598191623432?is_from_webapp=1"
16,"1","có phở vậy không","'Có phở vậy không' là câu hỏi ám chỉ việc tình huống trong video có giống như một bát phở (món ăn phổ biến của Việt Nam) với nhiều thành phần và hương vị phức tạp. Video mô tả các trạng thái cảm xúc khác nhau của nhân vật 'ẻm' qua meme mèo và text overlay.","2026-05-30T09:27:10.345095Z",17,129.284,"tiktok","Không mỉa mai","Trung lập","2026-05-30T09:27:10.345111Z","Video sử dụng các meme mèo được cắt ghép trên nền bối cảnh ban công để mô tả những trạng thái cảm xúc thay đổi của một cô gái trong mối quan hệ lâu dài. Một nhân vật mèo đại diện cho “tôi” đứng khá tĩnh, trong khi nhân vật mèo còn lại đại diện cho “ẻm” thay đổi liên tục qua nhiều biểu cảm và hành động. Text overlay mở đầu bằng câu “Pov: Quen nhau đủ lâu để thấy đủ nhân cách của em”, sau đó là các câu thoại như “A có iu pe hăm?”, “Đêm nay anh là của tôiiii”, “Hình như anh hết thương em rùi!” và “Biến đi thằng choá”. Video không có người thật xuất hiện, toàn bộ diễn biến dựa trên hình mèo, text và hiệu ứng âm thanh. Âm thanh thay đổi theo từng phân cảnh, gồm tiếng cười, tiếng khóc, âm thanh trẻ con và các hiệu ứng hành động ở đoạn cuối.","Meme mèo trên nền ban công; nhân vật “tôi” đứng yên còn nhân vật “ẻm” thay đổi liên tục; text overlay dùng teencode và câu thoại tình cảm; hiệu ứng âm thanh chuyển nhanh theo từng trạng thái.","7628876598191623432","positive","Là sao nữaaa. ...","https://www.tiktok.com/@bbs.house/video/7628876598191623432?is_from_webapp=1"
17,"1","bài phạt góc của anh phú hết tác dụng :grinning_face_with_sweat:","'Bài phạt góc' trong bóng đá là tình huống khi cầu thủ thực hiện phạt góc (corner kick) để tạo cơ hội ghi bàn. 'Anh Phú' là cầu thủ Bukayo Saka của Arsenal, người thực hiện phạt góc trong trận đấu này nhưng không tạo ra kết quả mong muốn.","2026-05-30T09:28:34.740520Z",18,84.093,"youtube","Không mỉa mai","Trung lập","2026-05-30T09:28:34.740537Z","Diễn biến toàn bộ trận đấu bóng đá kịch tính giữa Arsenal và Bournemouth. Arsenal (đội cửa trên) được kỳ vọng sẽ giành chiến thắng dễ dàng nhưng đã vấp phải sự kháng cự mãnh liệt và suýt bị cầm hòa hoặc thua, gây tâm lý căng thẳng tột độ cho người hâm mộ trước khi có màn lội ngược dòng may mắn. Arsenal kiểm soát hoàn toàn thế trận trong hiệp 1, dồn ép đối thủ và nhanh chóng có bàn thắng vươn lên dẫn trước nhờ sự áp đảo của hàng công. Bournemouth bất ngờ vùng lên mạnh mẽ vào đầu hiệp 2, khai thác các lỗ hổng phòng ngự bất cẩn của Arsenal để ghi bàn gỡ hòa khiến thế trận đảo chiều. Trận đấu được đẩy lên đỉnh điểm với một pha thổi penalty đầy tranh cãi từ trọng tài, tạo ra làn sóng phản đối dữ dội từ ban huấn luyện và cầu thủ Arsenal. Những phút bù giờ cuối cùng đầy nghẹt thở, Arsenal ghi được bàn thắng quý như vàng để ấn định chiến thắng sát nút đầy chật vật, giải tỏa áp lực nhưng để lại nhiều hoài nghi về phong độ phòng ngự.","Những sai lầm phòng ngự của Arsenal, pha penalty gây tranh cãi và cú lội ngược dòng đầy may mắn/khó khăn của đội chủ nhà.","5Augh75jX6g","negative","HIGHLIGHTS: ARSENAL - BOURNEMOUTH","https://www.youtube.com/watch?v=5Augh75jX6g"
18,"1","oog picasso yêu lắm vãi lồn","'Oog' là cách viết tắt của từ 'Oh God' (Oh Chúa), thường được dùng để thể hiện sự ngạc nhiên hoặc thích thú. Picasso là một trong những danh họa nổi tiếng nhất thế giới, với cuộc đời và sự nghiệp nghệ thuật đầy biến động và tranh cãi.","2026-05-30T09:29:06.183292Z",19,30.901,"youtube","Không mỉa mai","Trung lập","2026-05-30T09:29:06.183308Z","Video hoạt hình vẽ tay mang phong cách hài hước và châm biếm, kể về cuộc đời, sự nghiệp nghệ thuật vĩ đại đan xen với cuộc sống tình cảm vô cùng phức tạp, đào hoa và đầy scandal của danh họa người Tây Ban Nha Pablo Picasso. Giới thiệu xuất thân, thời thơ ấu và tài năng hội họa thiên bẩm bộc lộ từ rất sớm của Picasso, tạo tiền đề cho hành trình trở thành danh họa thế giới. Quá trình sáng tạo nghệ thuật qua các thời kỳ mang tính bước ngoặt lịch sử: Thời kỳ Xanh lam (Blue Period), Thời kỳ Hoa hồng (Rose Period) và đỉnh cao là việc đồng sáng lập trường phái Lập thể (Cubism). Đi sâu vào góc khuất đời tư, thói trăng hoa 'thay người yêu như thay áo', các mối quan hệ tình cảm phức tạp và những vụ bê bối 'cắm sừng' chấn động của ông. Tóm tắt di sản nghệ thuật khổng lồ nhưng đầy tranh cãi của Picasso, cùng góc nhìn mỉa mai của hậu thế về sự tương phản lớn giữa tài năng kiệt xuất và nhân cách đời tư.","Giải thích về trường phái lập thể, các giai đoạn nghệ thuật (Xanh lam, Hoa hồng) và thói đa tình, ""cắm sừng"" của Picasso.","HyDxRTBnwNM","neutral","Huyền Thoại Đa Tình Páp-Lô Pi-Cát-Xô","https://www.youtube.com/watch?v=HyDxRTBnwNM"
19,"1","em cố diễn là được lên lớp rồi :loudly_crying_face:","'Cố diễn' là từ lóng mạng có nghĩa là cố gắng nói dối hoặc giả vờ để che giấu sự thật. Trong hệ thống giáo dục Việt Nam, việc học sinh được lên lớp phụ thuộc vào kết quả học tập và đánh giá của giáo viên, không chỉ dựa vào một tình huống cụ thể như trong phóng sự.","2026-05-30T09:30:19.795692Z",20,73.363,"tiktok","Không mỉa mai","Trung lập","2026-05-30T09:30:19.795709Z","Video là bản cắt ghép từ một phóng sự lớp học tiểu học trong giờ ăn bán trú. Trong đoạn đầu, cô giáo nói rằng bé Phương Anh không ăn được thịt gà nên gọi bé lên chia canh cho các bạn. Sau đó, ở phần phỏng vấn, phóng viên hỏi bé có ăn được thịt gà không và bé trả lời là có. Video dùng các đoạn zoom cận cảnh vào biểu cảm của bé, chuyển sang tông đen trắng ở cuối và thêm nhạc nền kiểu điều tra để tăng cảm giác kịch tính. Text overlay gồm các câu như “Mong VTV theo dõi năm nay bạn Phương Anh có được lên lớp không?”, “Ủa?” và “Có ạ”. Nội dung tập trung vào sự khác biệt giữa lời cô giáo nói và câu trả lời trực tiếp của học sinh trong phóng sự.","Bối cảnh lớp học giờ ăn bán trú; cô giáo gọi bé Phương Anh đi chia canh; phóng viên phỏng vấn bé về việc ăn thịt gà; text overlay nhấn mạnh câu “Ủa?” và “Có ạ”; cuối video có nhạc nền kịch tính.","7628064166992973077","neutral","Con có ăn được thịt gà không?","https://www.tiktok.com/@saigondailytrending/video/7628064166992973077?is_from_webapp=1"
20,"1","nghĩ tới rửa bát đĩa thôi đã sợ rồi :face_with_tears_of_joy: :face_with_tears_of_joy:","Biểu tượng cảm xúc ':face_with_tears_of_joy:' là cách thể hiện trạng thái cười đến chảy nước mắt. 'Rửa bát đĩa' là công việc dọn dẹp sau khi ăn uống, thường được coi là công việc vất vả và nhàm chán trong ngành dịch vụ ăn uống.","2026-05-30T09:30:52.634542Z",21,2.466,"tiktok","Có mỉa mai","Tích cực","2026-05-30T09:31:02.809385Z","Video kể lại câu chuyện về quán lẩu gà Mạc Thị ở Phật Sơn, Quảng Đông, Trung Quốc bỗng trở nên nổi tiếng và thu hút rất đông khách. Ông chủ quán nhiều lần khuyên khách đừng đến vì quán quá đông, nhưng lượng khách vẫn tăng khiến cả gia đình phải tham gia hỗ trợ phục vụ. Video cho thấy cảnh khách xếp hàng, bãi xe đông, con cái của chủ quán chặt gà, ghi đơn và chính quyền địa phương hỗ trợ cải thiện đường sá để đón khách du lịch. Giọng đọc tiếng Việt kể lại câu chuyện với nhịp nhanh, nhấn mạnh việc một quán ăn bình dân bỗng trở thành điểm đến nổi bật. Text overlay dùng chữ in hoa để nêu các chi tiết như “không ngon đâu đừng đến” và “con trai lái Land Rover vẫn phải về chặt gà”.","Quán ăn bình dân ở Quảng Đông đông khách bất ngờ; ông chủ khuyên khách không đến nhưng quán vẫn quá tải; gia đình chủ quán tham gia phục vụ; chính quyền hỗ trợ làm đường và điều phối du lịch địa phương.","7628192889352293653","neutral","Khổ chú","https://www.tiktok.com/@beatnow275/video/7628192889352293653?is_from_webapp=1"
21,"1","vui vãi lồn :face_with_tears_of_joy: :grinning_face_with_sweat:","'Vui vãi lồn' là một cách nói lóng mạng để diễn tả sự vui mừng hoặc hài lòng đến mức không thể kiểm soát được. Quán lẩu gà Mạc Thị đã trở thành một điểm đến nổi tiếng, thu hút đông đảo khách du lịch và tạo nên một hiện tượng văn hóa đặc biệt.","2026-05-30T09:31:21.194024Z",22,12.616,"tiktok","Không mỉa mai","Tích cực","2026-05-30T09:31:21.194040Z","Video kể lại câu chuyện về quán lẩu gà Mạc Thị ở Phật Sơn, Quảng Đông, Trung Quốc bỗng trở nên nổi tiếng và thu hút rất đông khách. Ông chủ quán nhiều lần khuyên khách đừng đến vì quán quá đông, nhưng lượng khách vẫn tăng khiến cả gia đình phải tham gia hỗ trợ phục vụ. Video cho thấy cảnh khách xếp hàng, bãi xe đông, con cái của chủ quán chặt gà, ghi đơn và chính quyền địa phương hỗ trợ cải thiện đường sá để đón khách du lịch. Giọng đọc tiếng Việt kể lại câu chuyện với nhịp nhanh, nhấn mạnh việc một quán ăn bình dân bỗng trở thành điểm đến nổi bật. Text overlay dùng chữ in hoa để nêu các chi tiết như “không ngon đâu đừng đến” và “con trai lái Land Rover vẫn phải về chặt gà”.","Quán ăn bình dân ở Quảng Đông đông khách bất ngờ; ông chủ khuyên khách không đến nhưng quán vẫn quá tải; gia đình chủ quán tham gia phục vụ; chính quyền hỗ trợ làm đường và điều phối du lịch địa phương.","7628192889352293653","neutral","Khổ chú","https://www.tiktok.com/@beatnow275/video/7628192889352293653?is_from_webapp=1"
22,"1","không bằng 1 gốc của trang pháp ln á mà tôi cũng lạy","'Trang Pháp Ln' là tên nhóm nhạc gồm ba thành viên: Lý Tiểu Nhiễm, Đường Nghệ Hân và Vương Mông, nổi tiếng với ca khúc 'Giấy ghi chú tâm nguyện'. Nhóm này được biết đến với phong cách âm nhạc nhẹ nhàng, mang tính chất hoài niệm và thanh xuân.","2026-05-30T09:31:58.925384Z",23,37.421,"youtube","Không mỉa mai","Tiêu cực","2026-05-30T09:31:58.925400Z","Màn trình diễn ca khúc 'Giấy ghi chú tâm nguyện' ngọt ngào và trẻ trung của nhóm nghệ sĩ Lý Tiểu Nhiễm, Đường Nghệ Hân và Vương Mông tại vòng Công diễn 1 của chương trình thực tế 'Chị Đẹp Đạp Gió 2026'. Giới thiệu các thành viên trong đội hình (Lý Tiểu Nhiễm, Đường Nghệ Hân, Vương Mông), ý tưởng dàn dựng sân khấu lấy cảm hứng thanh xuân và quá trình luyện tập vất vả trước giờ G. Mở đầu tiết mục với giai điệu nhẹ nhàng, các nghệ sĩ xuất hiện rạng rỡ trong trang phục dễ thương, mang lại không khí trong trẻo và hoài niệm cho khán giả. Đoạn cao trào của ca khúc phô diễn sự kết hợp giọng hát hòa quyện, vũ đạo đồng đều và các khoảnh khắc tương tác ngọt ngào giữa các tỷ tỷ trên sân khấu. Phần kết thúc tiết mục trong tiếng reo hò cổ vũ của khán giả tại trường quay, nhận xét từ ban giám khảo và màn reaction đầy hào hứng của các nghệ sĩ khác từ phòng chờ.","Sự kết hợp giữa các nghệ sĩ Lý Tiểu Nhiễm, Đường Nghệ Hân; phong cách biểu diễn trẻ trung, mang tính giải trí thuần túy.","yM8XxAwUM_M","positive","GIẤY GHI CHÚ TÂM NGUYỆN","https://www.youtube.com/watch?v=yM8XxAwUM_M"
23,"1","Lại chung kỳ bu :face_with_tears_of_joy: :face_with_tears_of_joy:","'Chung kỳ bu' là cách viết tắt của cụm từ 'chung kết kỳ bự', một cách nói phóng đại để chỉ những trận đấu quan trọng hoặc căng thẳng. Biểu tượng :face_with_tears_of_joy: là emoji thể hiện sự cười ra nước mắt, thường dùng để diễn tả cảm giác buồn cười hoặc giải tỏa sau tình huống kịch tính.","2026-05-30T09:32:28.052593Z",24,28.816,"youtube","Có mỉa mai","Tiêu cực","2026-05-30T09:32:28.052608Z","Diễn biến toàn bộ trận đấu bóng đá kịch tính giữa Arsenal và Bournemouth. Arsenal (đội cửa trên) được kỳ vọng sẽ giành chiến thắng dễ dàng nhưng đã vấp phải sự kháng cự mãnh liệt và suýt bị cầm hòa hoặc thua, gây tâm lý căng thẳng tột độ cho người hâm mộ trước khi có màn lội ngược dòng may mắn. Arsenal kiểm soát hoàn toàn thế trận trong hiệp 1, dồn ép đối thủ và nhanh chóng có bàn thắng vươn lên dẫn trước nhờ sự áp đảo của hàng công. Bournemouth bất ngờ vùng lên mạnh mẽ vào đầu hiệp 2, khai thác các lỗ hổng phòng ngự bất cẩn của Arsenal để ghi bàn gỡ hòa khiến thế trận đảo chiều. Trận đấu được đẩy lên đỉnh điểm với một pha thổi penalty đầy tranh cãi từ trọng tài, tạo ra làn sóng phản đối dữ dội từ ban huấn luyện và cầu thủ Arsenal. Những phút bù giờ cuối cùng đầy nghẹt thở, Arsenal ghi được bàn thắng quý như vàng để ấn định chiến thắng sát nút đầy chật vật, giải tỏa áp lực nhưng để lại nhiều hoài nghi về phong độ phòng ngự.","Những sai lầm phòng ngự của Arsenal, pha penalty gây tranh cãi và cú lội ngược dòng đầy may mắn/khó khăn của đội chủ nhà.","5Augh75jX6g","negative","HIGHLIGHTS: ARSENAL - BOURNEMOUTH","https://www.youtube.com/watch?v=5Augh75jX6g"
24,"1","ảnh basic quá ha gì cũng hát","'Basic' trong văn hóa mạng thường chỉ những thứ phổ biến, không có gì đặc biệt hoặc quá điển hình. 'Hà gì cũng hát' là cách nói chỉ việc hát theo một cách đơn giản, không có sáng tạo. Justin Bieber và The Kid LAROI đã tạo ra nhiều biến thể và phong cách biểu diễn khác nhau trong ca khúc 'Stay' tại Coachella.","2026-05-30T09:33:25.438097Z",25,57.115,"tiktok","Không mỉa mai","Tích cực","2026-05-30T09:33:25.438114Z","Video tổng hợp các phân cảnh biểu diễn ca khúc “Stay” của Justin Bieber và The Kid LAROI tại lễ hội âm nhạc Coachella. Hình ảnh chủ yếu là sân khấu lớn, ánh sáng mạnh, đám đông khán giả và hai nghệ sĩ di chuyển, hát, nhảy, tương tác với khán giả. Video sử dụng định dạng chia đôi màn hình để hiển thị nhiều góc quay của buổi diễn. Text overlay viết hoa toàn bộ, nhấn mạnh việc cộng đồng mạng dành sự yêu thích đặc biệt cho hai nghệ sĩ và ca khúc này. Voiceover tiếng Việt có giọng đọc hào hứng, lặp lại nội dung chính của text overlay; âm thanh nền là phần trình diễn live của bài hát “Stay”.","Sân khấu Coachella đông khán giả; hai nghệ sĩ biểu diễn ca khúc “Stay”; split-screen nhiều góc quay; voiceover tiếng Việt khen màn trình diễn; nhạc nền là âm thanh live tiếng Anh.","7628089059503590677","positive","Chịu lên sân khấu hát gì cũng được ...","https://www.tiktok.com/@odayconhacbymznews/video/7628089059503590677?is_from_webapp=1"
25,"1","mình cảm thấy hối hận khi cuốn vào tiktok các phốt drama liên tục comment thì như rác toxic vô cùng nội dung lệch lạc các bé cấp 1 cấp 2 lên bênh idol comment rác vô cùng chắc chuyển qua youtube lại thôi chứ rác lắm rồi","JVevermind là một trong những vlogger đời đầu tại Việt Nam, nổi tiếng với những video phân tích sâu sắc về văn hóa mạng, tâm lý người dùng và cơ chế thao túng dư luận trên các nền tảng xã hội. Các scandal liên quan đến nghệ sĩ như Phạm Thoại và Thủy Tiên thường được dàn dựng để thu hút sự chú ý và tăng cường tương tác, từ đó tạo lợi ích truyền thông.","2026-05-30T09:34:25.886967Z",26,60.156,"youtube","Không mỉa mai","Tiêu cực","2026-05-30T09:34:25.886983Z","Góc nhìn chiêm nghiệm sâu sắc và thẳng thắn của vlogger đời đầu JVevermind về thực trạng đen tối, sự độc hại của mạng xã hội hiện đại, nơi con người bị thao túng bởi thế giới ảo, drama dàn dựng và các hệ thống điều hướng dư luận. Đặt vấn đề về sự thay đổi tiêu cực của mạng xã hội: từ một không gian kết nối bạn bè thuần túy trở thành nơi sản sinh văn hóa 'phông bạt', sống ảo và cuồng si danh vọng giả tạo. Chỉ trích trực diện các vụ tạo scandal, dàn dựng drama tinh vi của những người nổi tiếng (như Phạm Thoại, Thủy Tiên) nhằm thâu tóm sự chú ý của đám đông để trục lợi truyền thông. Phân tích cơ chế kỹ thuật đứng sau hậu trường mạng xã hội, giải thích cách các hệ thống bot AI, tài khoản ảo (clone) và đội ngũ seeding được dùng để kích động tranh cãi, định hướng dư luận và thao túng tâm lý người dùng. Đưa ra lời khuyên mang tính triết lý về cách bảo vệ sức khỏe tinh thần, học cách 'ngừng quan tâm' trước những thị phi vô bổ để tìm lại giá trị sống đích thực ngoài đời thực.","Chỉ trích các vụ drama của Phạm Thoại, Thủy Tiên; giải thích cách bot AI được dùng để kích động tranh luận và định hướng dư luận.","foeGbXU6pGI","negative","Mạng Xã Hội không còn vui nữa","https://www.youtube.com/watch?v=foeGbXU6pGI"
26,"1","nhạc 1 đằng hát 1 nẻo sợ quá","Cụm từ 'nhạc 1 đằng hát 1 nẻo' chỉ tình trạng hát lệch tông, lệch nhịp hoặc không khớp với nhạc nền. Trong các chương trình biểu diễn trực tiếp, việc hát không khớp nhạc có thể xảy ra do lỗi kỹ thuật hoặc áp lực sân khấu.","2026-05-30T09:34:45.350757Z",27,19.124,"youtube","Có mỉa mai","Tiêu cực","2026-05-30T09:34:45.350777Z","Màn trình diễn ca khúc 'Giấy ghi chú tâm nguyện' ngọt ngào và trẻ trung của nhóm nghệ sĩ Lý Tiểu Nhiễm, Đường Nghệ Hân và Vương Mông tại vòng Công diễn 1 của chương trình thực tế 'Chị Đẹp Đạp Gió 2026'. Giới thiệu các thành viên trong đội hình (Lý Tiểu Nhiễm, Đường Nghệ Hân, Vương Mông), ý tưởng dàn dựng sân khấu lấy cảm hứng thanh xuân và quá trình luyện tập vất vả trước giờ G. Mở đầu tiết mục với giai điệu nhẹ nhàng, các nghệ sĩ xuất hiện rạng rỡ trong trang phục dễ thương, mang lại không khí trong trẻo và hoài niệm cho khán giả. Đoạn cao trào của ca khúc phô diễn sự kết hợp giọng hát hòa quyện, vũ đạo đồng đều và các khoảnh khắc tương tác ngọt ngào giữa các tỷ tỷ trên sân khấu. Phần kết thúc tiết mục trong tiếng reo hò cổ vũ của khán giả tại trường quay, nhận xét từ ban giám khảo và màn reaction đầy hào hứng của các nghệ sĩ khác từ phòng chờ.","Sự kết hợp giữa các nghệ sĩ Lý Tiểu Nhiễm, Đường Nghệ Hân; phong cách biểu diễn trẻ trung, mang tính giải trí thuần túy.","yM8XxAwUM_M","positive","GIẤY GHI CHÚ TÂM NGUYỆN","https://www.youtube.com/watch?v=yM8XxAwUM_M"
27,"1","bé thấy dễ thương nhỉ","'Dễ thương' là một từ mô tả cảm xúc khi thấy ai đó hoặc cái gì gây ra sự yêu mến và xúc động nhẹ nhàng. Trong video, bé Phương Anh là một học sinh tiểu học được quay với góc nhìn gần gũi, thể hiện sự ngây thơ và biểu cảm khi được phỏng vấn.","2026-05-30T09:35:05.396594Z",28,19.785,"tiktok","Không mỉa mai","Tích cực","2026-05-30T09:35:05.396609Z","Video là bản cắt ghép từ một phóng sự lớp học tiểu học trong giờ ăn bán trú. Trong đoạn đầu, cô giáo nói rằng bé Phương Anh không ăn được thịt gà nên gọi bé lên chia canh cho các bạn. Sau đó, ở phần phỏng vấn, phóng viên hỏi bé có ăn được thịt gà không và bé trả lời là có. Video dùng các đoạn zoom cận cảnh vào biểu cảm của bé, chuyển sang tông đen trắng ở cuối và thêm nhạc nền kiểu điều tra để tăng cảm giác kịch tính. Text overlay gồm các câu như “Mong VTV theo dõi năm nay bạn Phương Anh có được lên lớp không?”, “Ủa?” và “Có ạ”. Nội dung tập trung vào sự khác biệt giữa lời cô giáo nói và câu trả lời trực tiếp của học sinh trong phóng sự.","Bối cảnh lớp học giờ ăn bán trú; cô giáo gọi bé Phương Anh đi chia canh; phóng viên phỏng vấn bé về việc ăn thịt gà; text overlay nhấn mạnh câu “Ủa?” và “Có ạ”; cuối video có nhạc nền kịch tính.","7628064166992973077","neutral","Con có ăn được thịt gà không?","https://www.tiktok.com/@saigondailytrending/video/7628064166992973077?is_from_webapp=1"
28,"1","người trưởng thành có học thức có văn hóa làm content cũng khác bọt thật","'Bọt' là tiếng lóng chỉ những người làm nội dung mạng xã hội thiếu chiều sâu, chỉ tập trung vào scandal, drama hoặc nội dung giật gân để thu hút sự chú ý. JVevermind là một trong những vlogger đời đầu của Việt Nam, nổi tiếng với các video mang tính chiêm nghiệm và phân tích xã hội sâu sắc.","2026-05-30T09:35:31.669701Z",29,26.052,"youtube","Không mỉa mai","Tích cực","2026-05-30T09:35:31.669716Z","Góc nhìn chiêm nghiệm sâu sắc và thẳng thắn của vlogger đời đầu JVevermind về thực trạng đen tối, sự độc hại của mạng xã hội hiện đại, nơi con người bị thao túng bởi thế giới ảo, drama dàn dựng và các hệ thống điều hướng dư luận. Đặt vấn đề về sự thay đổi tiêu cực của mạng xã hội: từ một không gian kết nối bạn bè thuần túy trở thành nơi sản sinh văn hóa 'phông bạt', sống ảo và cuồng si danh vọng giả tạo. Chỉ trích trực diện các vụ tạo scandal, dàn dựng drama tinh vi của những người nổi tiếng (như Phạm Thoại, Thủy Tiên) nhằm thâu tóm sự chú ý của đám đông để trục lợi truyền thông. Phân tích cơ chế kỹ thuật đứng sau hậu trường mạng xã hội, giải thích cách các hệ thống bot AI, tài khoản ảo (clone) và đội ngũ seeding được dùng để kích động tranh cãi, định hướng dư luận và thao túng tâm lý người dùng. Đưa ra lời khuyên mang tính triết lý về cách bảo vệ sức khỏe tinh thần, học cách 'ngừng quan tâm' trước những thị phi vô bổ để tìm lại giá trị sống đích thực ngoài đời thực.","Chỉ trích các vụ drama của Phạm Thoại, Thủy Tiên; giải thích cách bot AI được dùng để kích động tranh luận và định hướng dư luận.","foeGbXU6pGI","negative","Mạng Xã Hội không còn vui nữa","https://www.youtube.com/watch?v=foeGbXU6pGI"
29,"1","khổ rồi con ơi chuyển trường đi học không được ở đó nữa đâu","'Khổ rồi con ơi chuyển trường đi học không được ở đó nữa đâu' là một lời khuyên dựa trên quan điểm rằng việc công khai hành vi của trẻ trong phóng sự có thể gây ảnh hưởng tiêu cực đến cuộc sống học tập và tâm lý của bé. Trường hợp này đã gây tranh cãi về việc truyền thông xử lý thông tin liên quan đến trẻ em.","2026-05-30T09:36:36.283533Z",30,64.328,"tiktok","Không mỉa mai","Tiêu cực","2026-05-30T09:36:36.283552Z","Video là bản cắt ghép từ một phóng sự lớp học tiểu học trong giờ ăn bán trú. Trong đoạn đầu, cô giáo nói rằng bé Phương Anh không ăn được thịt gà nên gọi bé lên chia canh cho các bạn. Sau đó, ở phần phỏng vấn, phóng viên hỏi bé có ăn được thịt gà không và bé trả lời là có. Video dùng các đoạn zoom cận cảnh vào biểu cảm của bé, chuyển sang tông đen trắng ở cuối và thêm nhạc nền kiểu điều tra để tăng cảm giác kịch tính. Text overlay gồm các câu như “Mong VTV theo dõi năm nay bạn Phương Anh có được lên lớp không?”, “Ủa?” và “Có ạ”. Nội dung tập trung vào sự khác biệt giữa lời cô giáo nói và câu trả lời trực tiếp của học sinh trong phóng sự.","Bối cảnh lớp học giờ ăn bán trú; cô giáo gọi bé Phương Anh đi chia canh; phóng viên phỏng vấn bé về việc ăn thịt gà; text overlay nhấn mạnh câu “Ủa?” và “Có ạ”; cuối video có nhạc nền kịch tính.","7628064166992973077","neutral","Con có ăn được thịt gà không?","https://www.tiktok.com/@saigondailytrending/video/7628064166992973077?is_from_webapp=1"
30,"1","mấy anh hay hơn nhà cái không mà mấy anh bình luận xàm về nhì","'Nhà cái' trong bóng đá là công ty hoặc tổ chức cung cấp dịch vụ cá cược thể thao, dự đoán kết quả trận đấu. 'Bình luận xàm' là cách nói lóng chỉ việc bình luận viên đưa ra nhận định hoặc dự đoán sai lệch về kết quả trận đấu, gây thất vọng cho người hâm mộ.","2026-05-30T09:37:01.400636Z",31,24.815,"youtube","Không mỉa mai","Tiêu cực","2026-05-30T09:37:01.400653Z","Diễn biến toàn bộ trận đấu bóng đá kịch tính giữa Arsenal và Bournemouth. Arsenal (đội cửa trên) được kỳ vọng sẽ giành chiến thắng dễ dàng nhưng đã vấp phải sự kháng cự mãnh liệt và suýt bị cầm hòa hoặc thua, gây tâm lý căng thẳng tột độ cho người hâm mộ trước khi có màn lội ngược dòng may mắn. Arsenal kiểm soát hoàn toàn thế trận trong hiệp 1, dồn ép đối thủ và nhanh chóng có bàn thắng vươn lên dẫn trước nhờ sự áp đảo của hàng công. Bournemouth bất ngờ vùng lên mạnh mẽ vào đầu hiệp 2, khai thác các lỗ hổng phòng ngự bất cẩn của Arsenal để ghi bàn gỡ hòa khiến thế trận đảo chiều. Trận đấu được đẩy lên đỉnh điểm với một pha thổi penalty đầy tranh cãi từ trọng tài, tạo ra làn sóng phản đối dữ dội từ ban huấn luyện và cầu thủ Arsenal. Những phút bù giờ cuối cùng đầy nghẹt thở, Arsenal ghi được bàn thắng quý như vàng để ấn định chiến thắng sát nút đầy chật vật, giải tỏa áp lực nhưng để lại nhiều hoài nghi về phong độ phòng ngự.","Những sai lầm phòng ngự của Arsenal, pha penalty gây tranh cãi và cú lội ngược dòng đầy may mắn/khó khăn của đội chủ nhà.","5Augh75jX6g","negative","HIGHLIGHTS: ARSENAL - BOURNEMOUTH","https://www.youtube.com/watch?v=5Augh75jX6g"
31,"1","máy dập paris","'Máy dập Paris' là cách nói phóng đại về việc có nhiều mối quan hệ tình cảm ở Paris. Picasso sống phần lớn cuộc đời tại Pháp và có nhiều người tình là nghệ sĩ, người mẫu sống tại Paris.","2026-05-30T09:37:30.420134Z",32,28.772,"youtube","Có mỉa mai","Tiêu cực","2026-05-30T09:37:30.420151Z","Video hoạt hình vẽ tay mang phong cách hài hước và châm biếm, kể về cuộc đời, sự nghiệp nghệ thuật vĩ đại đan xen với cuộc sống tình cảm vô cùng phức tạp, đào hoa và đầy scandal của danh họa người Tây Ban Nha Pablo Picasso. Giới thiệu xuất thân, thời thơ ấu và tài năng hội họa thiên bẩm bộc lộ từ rất sớm của Picasso, tạo tiền đề cho hành trình trở thành danh họa thế giới. Quá trình sáng tạo nghệ thuật qua các thời kỳ mang tính bước ngoặt lịch sử: Thời kỳ Xanh lam (Blue Period), Thời kỳ Hoa hồng (Rose Period) và đỉnh cao là việc đồng sáng lập trường phái Lập thể (Cubism). Đi sâu vào góc khuất đời tư, thói trăng hoa 'thay người yêu như thay áo', các mối quan hệ tình cảm phức tạp và những vụ bê bối 'cắm sừng' chấn động của ông. Tóm tắt di sản nghệ thuật khổng lồ nhưng đầy tranh cãi của Picasso, cùng góc nhìn mỉa mai của hậu thế về sự tương phản lớn giữa tài năng kiệt xuất và nhân cách đời tư.","Giải thích về trường phái lập thể, các giai đoạn nghệ thuật (Xanh lam, Hoa hồng) và thói đa tình, ""cắm sừng"" của Picasso.","HyDxRTBnwNM","neutral","Huyền Thoại Đa Tình Páp-Lô Pi-Cát-Xô","https://www.youtube.com/watch?v=HyDxRTBnwNM"
32,"1","năm nào cũng vậy chán không muốn nói luôn luôn","Cụm từ 'năm nào cũng vậy' ám chỉ tình trạng lặp đi lặp lại của một vấn đề theo chu kỳ hàng năm. Arsenal thường xuyên gặp khó khăn trong các trận đấu với đối thủ yếu hơn, dù được kỳ vọng cao nhưng thi đấu thiếu ổn định.","2026-05-30T09:37:53.709121Z",33,23.056,"youtube","Không mỉa mai","Tiêu cực","2026-05-30T09:37:53.709137Z","Diễn biến toàn bộ trận đấu bóng đá kịch tính giữa Arsenal và Bournemouth. Arsenal (đội cửa trên) được kỳ vọng sẽ giành chiến thắng dễ dàng nhưng đã vấp phải sự kháng cự mãnh liệt và suýt bị cầm hòa hoặc thua, gây tâm lý căng thẳng tột độ cho người hâm mộ trước khi có màn lội ngược dòng may mắn. Arsenal kiểm soát hoàn toàn thế trận trong hiệp 1, dồn ép đối thủ và nhanh chóng có bàn thắng vươn lên dẫn trước nhờ sự áp đảo của hàng công. Bournemouth bất ngờ vùng lên mạnh mẽ vào đầu hiệp 2, khai thác các lỗ hổng phòng ngự bất cẩn của Arsenal để ghi bàn gỡ hòa khiến thế trận đảo chiều. Trận đấu được đẩy lên đỉnh điểm với một pha thổi penalty đầy tranh cãi từ trọng tài, tạo ra làn sóng phản đối dữ dội từ ban huấn luyện và cầu thủ Arsenal. Những phút bù giờ cuối cùng đầy nghẹt thở, Arsenal ghi được bàn thắng quý như vàng để ấn định chiến thắng sát nút đầy chật vật, giải tỏa áp lực nhưng để lại nhiều hoài nghi về phong độ phòng ngự.","Những sai lầm phòng ngự của Arsenal, pha penalty gây tranh cãi và cú lội ngược dòng đầy may mắn/khó khăn của đội chủ nhà.","5Augh75jX6g","negative","HIGHLIGHTS: ARSENAL - BOURNEMOUTH","https://www.youtube.com/watch?v=5Augh75jX6g"
33,"1","sao cái trận này mình thấy lối đá hơi 36 nhỉ đá bẩn bựa quá với trời","'36' là cách viết tắt của cụm từ 'ba sáu chín' trong tiếng lóng bóng đá Việt Nam, chỉ lối chơi thiếu fair-play, nhiều pha phạm lỗi thô bạo hoặc tiểu xảo. Trong trận đấu này, Bournemouth đã có nhiều tình huống phòng ngự quyết liệt và một số pha va chạm mạnh với cầu thủ Arsenal.","2026-05-30T09:39:51.446363Z",34,117.445,"youtube","Có mỉa mai","Tiêu cực","2026-05-30T09:39:51.446380Z","Diễn biến toàn bộ trận đấu bóng đá kịch tính giữa Arsenal và Bournemouth. Arsenal (đội cửa trên) được kỳ vọng sẽ giành chiến thắng dễ dàng nhưng đã vấp phải sự kháng cự mãnh liệt và suýt bị cầm hòa hoặc thua, gây tâm lý căng thẳng tột độ cho người hâm mộ trước khi có màn lội ngược dòng may mắn. Arsenal kiểm soát hoàn toàn thế trận trong hiệp 1, dồn ép đối thủ và nhanh chóng có bàn thắng vươn lên dẫn trước nhờ sự áp đảo của hàng công. Bournemouth bất ngờ vùng lên mạnh mẽ vào đầu hiệp 2, khai thác các lỗ hổng phòng ngự bất cẩn của Arsenal để ghi bàn gỡ hòa khiến thế trận đảo chiều. Trận đấu được đẩy lên đỉnh điểm với một pha thổi penalty đầy tranh cãi từ trọng tài, tạo ra làn sóng phản đối dữ dội từ ban huấn luyện và cầu thủ Arsenal. Những phút bù giờ cuối cùng đầy nghẹt thở, Arsenal ghi được bàn thắng quý như vàng để ấn định chiến thắng sát nút đầy chật vật, giải tỏa áp lực nhưng để lại nhiều hoài nghi về phong độ phòng ngự.","Những sai lầm phòng ngự của Arsenal, pha penalty gây tranh cãi và cú lội ngược dòng đầy may mắn/khó khăn của đội chủ nhà.","5Augh75jX6g","negative","HIGHLIGHTS: ARSENAL - BOURNEMOUTH","https://www.youtube.com/watch?v=5Augh75jX6g"
34,"1","giấy báo tử hả mẹ hát như sắp chết vậy","'Giấy báo tử' là loại giấy thông báo chính thức về cái chết của một người trong quân đội hoặc trong các ngữ cảnh hành chính. Ca khúc 'Giấy ghi chú tâm nguyện' là một bài hát nhẹ nhàng, lãng mạn, lấy cảm hứng từ những kỷ niệm tuổi học trò.","2026-05-30T09:40:31.234144Z",35,39.52,"youtube","Có mỉa mai","Tiêu cực","2026-05-30T09:40:31.234159Z","Màn trình diễn ca khúc 'Giấy ghi chú tâm nguyện' ngọt ngào và trẻ trung của nhóm nghệ sĩ Lý Tiểu Nhiễm, Đường Nghệ Hân và Vương Mông tại vòng Công diễn 1 của chương trình thực tế 'Chị Đẹp Đạp Gió 2026'. Giới thiệu các thành viên trong đội hình (Lý Tiểu Nhiễm, Đường Nghệ Hân, Vương Mông), ý tưởng dàn dựng sân khấu lấy cảm hứng thanh xuân và quá trình luyện tập vất vả trước giờ G. Mở đầu tiết mục với giai điệu nhẹ nhàng, các nghệ sĩ xuất hiện rạng rỡ trong trang phục dễ thương, mang lại không khí trong trẻo và hoài niệm cho khán giả. Đoạn cao trào của ca khúc phô diễn sự kết hợp giọng hát hòa quyện, vũ đạo đồng đều và các khoảnh khắc tương tác ngọt ngào giữa các tỷ tỷ trên sân khấu. Phần kết thúc tiết mục trong tiếng reo hò cổ vũ của khán giả tại trường quay, nhận xét từ ban giám khảo và màn reaction đầy hào hứng của các nghệ sĩ khác từ phòng chờ.","Sự kết hợp giữa các nghệ sĩ Lý Tiểu Nhiễm, Đường Nghệ Hân; phong cách biểu diễn trẻ trung, mang tính giải trí thuần túy.","yM8XxAwUM_M","positive","GIẤY GHI CHÚ TÂM NGUYỆN","https://www.youtube.com/watch?v=yM8XxAwUM_M"
35,"1","nếu ai không biết trend đầu cắt mới trong video tổng hợp này xuất phát từ đâu thì nó xuất phát từ trong group troll game golden time lúc đấy tự dưng đâu ông Hiếu aka bố của mọi người war với đầu cắt mới aka con của dũng sĩ diệt mọi bố Hiếu 2 ông thần share vào nhóm livestream xong share ra cắt mấy câu đầu cắt mới bla bla thế là thành trend kể ra cũng lâu lắm rồi","'Trend đầu cắt mới' xuất phát từ một cuộc tranh cãi trong cộng đồng game *Golden Time* trên Facebook, nơi hai cá nhân (gọi tắt là ông Hiếu và đầu cắt mới) đã có xung đột công khai. Cuộc tranh cãi này được lan truyền và biến thành một xu hướng trên mạng xã hội, thường được sử dụng để chỉ những cuộc tranh luận vô nghĩa hoặc gây cười.","2026-05-30T09:41:27.421336Z",36,55.886,"youtube","Không mỉa mai","Trung lập","2026-05-30T09:41:27.421363Z","Video bình luận mang giọng điệu mỉa mai và hài hước của kênh Vui Vẻ trong 14 phút, tổng hợp và phê phán gay gắt các trào lưu vô tri, nhảm nhí, đần độn và có phần độc hại đang lan truyền mạnh mẽ trên mạng xã hội TikTok và YouTube hiện nay. Liệt kê và châm biếm các trào lưu vô tri nổi bật như trend cố tình 'gửi nhầm ảnh nhạy cảm' rồi xem đó là trò đùa, các thử thách nguy hiểm để câu like và sự thịnh hành của hệ tư tưởng Alpha male lỗi thời. Phân tích sự biến tướng và thương mại hóa quá đà của các trào lưu 'chữa lành' (Healing) giả tạo, đánh vào tâm lý yếu đuối của người trẻ nhằm mục đích trục lợi tài chính. Bóc trần hiện tượng vô đạo đức khi vụ việc đau lòng của chàng trai 'Mèo Béo' bị hàng loạt TikToker, YouTuber lợi dụng cắt ghép, dựng content giả câu view bất chấp nỗi đau của người trong cuộc. Đưa ra lời cảnh báo nghiêm túc về tác hại lâu dài của các nội dung bẩn, vô bổ (nhux Skibidi Toilet) đến tư duy nhận thức của trẻ em, kêu gọi người dùng tỉnh táo thanh lọc không gian mạng.","Phân tích sự biến tướng của trào lưu ""Healing"", vụ việc ""Mèo Béo"" bị lợi dụng câu view, sự ảnh hưởng xấu của content ""bẩn"" tới trẻ em.","fnTfJ130mjw","negative","Tất cả những trend đần độn nhất trên mạng xã hội trong 14 phút","https://www.youtube.com/watch?v=fnTfJ130mjw"
36,"1","Ờ khoét cái cửa luôn luôn cho con mèo","'Ờ khoét cái cửa luôn luôn cho con mèo' là một câu nói vô nghĩa, thường được dùng trong văn hóa mạng để tạo hiệu ứng hài hước hoặc phản ứng ngẫu nhiên. Trong ngữ cảnh này, nó có thể là phản hồi không liên quan đến nội dung video, mang tính chất giải trí hoặc bày tỏ sự ngẫu hứng.","2026-05-30T09:42:06.500881Z",37,38.786,"youtube","Có mỉa mai","Tiêu cực","2026-05-30T09:42:06.500897Z","Góc nhìn chiêm nghiệm sâu sắc và thẳng thắn của vlogger đời đầu JVevermind về thực trạng đen tối, sự độc hại của mạng xã hội hiện đại, nơi con người bị thao túng bởi thế giới ảo, drama dàn dựng và các hệ thống điều hướng dư luận. Đặt vấn đề về sự thay đổi tiêu cực của mạng xã hội: từ một không gian kết nối bạn bè thuần túy trở thành nơi sản sinh văn hóa 'phông bạt', sống ảo và cuồng si danh vọng giả tạo. Chỉ trích trực diện các vụ tạo scandal, dàn dựng drama tinh vi của những người nổi tiếng (như Phạm Thoại, Thủy Tiên) nhằm thâu tóm sự chú ý của đám đông để trục lợi truyền thông. Phân tích cơ chế kỹ thuật đứng sau hậu trường mạng xã hội, giải thích cách các hệ thống bot AI, tài khoản ảo (clone) và đội ngũ seeding được dùng để kích động tranh cãi, định hướng dư luận và thao túng tâm lý người dùng. Đưa ra lời khuyên mang tính triết lý về cách bảo vệ sức khỏe tinh thần, học cách 'ngừng quan tâm' trước những thị phi vô bổ để tìm lại giá trị sống đích thực ngoài đời thực.","Chỉ trích các vụ drama của Phạm Thoại, Thủy Tiên; giải thích cách bot AI được dùng để kích động tranh luận và định hướng dư luận.","foeGbXU6pGI","negative","Mạng Xã Hội không còn vui nữa","https://www.youtube.com/watch?v=foeGbXU6pGI"
37,"1","gia đình","'Gia đình' ở đây có thể ám chỉ đến hoàn cảnh gia đình của bé Phương Anh, bao gồm các yếu tố như điều kiện kinh tế, giáo dục, hoặc hỗ trợ từ gia đình trong việc giải quyết vấn đề học tập.","2026-05-30T09:42:13.024792Z",38,6.217,"tiktok","Không mỉa mai","Trung lập","2026-05-30T09:42:13.024807Z","Video là bản cắt ghép từ một phóng sự lớp học tiểu học trong giờ ăn bán trú. Trong đoạn đầu, cô giáo nói rằng bé Phương Anh không ăn được thịt gà nên gọi bé lên chia canh cho các bạn. Sau đó, ở phần phỏng vấn, phóng viên hỏi bé có ăn được thịt gà không và bé trả lời là có. Video dùng các đoạn zoom cận cảnh vào biểu cảm của bé, chuyển sang tông đen trắng ở cuối và thêm nhạc nền kiểu điều tra để tăng cảm giác kịch tính. Text overlay gồm các câu như “Mong VTV theo dõi năm nay bạn Phương Anh có được lên lớp không?”, “Ủa?” và “Có ạ”. Nội dung tập trung vào sự khác biệt giữa lời cô giáo nói và câu trả lời trực tiếp của học sinh trong phóng sự.","Bối cảnh lớp học giờ ăn bán trú; cô giáo gọi bé Phương Anh đi chia canh; phóng viên phỏng vấn bé về việc ăn thịt gà; text overlay nhấn mạnh câu “Ủa?” và “Có ạ”; cuối video có nhạc nền kịch tính.","7628064166992973077","neutral","Con có ăn được thịt gà không?","https://www.tiktok.com/@saigondailytrending/video/7628064166992973077?is_from_webapp=1"
38,"1","bệnh cũ tái phát arsenal không xứng đáng vô địch huấn luyện viên chưa đủ tầm","'Bệnh cũ tái phát' là một cách nói chỉ việc một vấn đề hoặc lỗi lầm đã từng xảy ra trước đó lại xuất hiện trở lại. Arsenal từng giành chức vô địch Premier League vào năm 2001-2002 và 2003-2004, nhưng sau đó đã không thể duy trì thành tích cao trong nhiều mùa giải liên tiếp. Huấn luyện viên Mikel Arteta được bổ nhiệm vào năm 2019 và đã dẫn dắt Arsenal giành chức vô địch FA Cup vào năm 2020.","2026-05-30T09:42:22.692512Z",39,9.38,"youtube","Không mỉa mai","Tiêu cực","2026-05-30T09:42:22.692527Z","Diễn biến toàn bộ trận đấu bóng đá kịch tính giữa Arsenal và Bournemouth. Arsenal (đội cửa trên) được kỳ vọng sẽ giành chiến thắng dễ dàng nhưng đã vấp phải sự kháng cự mãnh liệt và suýt bị cầm hòa hoặc thua, gây tâm lý căng thẳng tột độ cho người hâm mộ trước khi có màn lội ngược dòng may mắn. Arsenal kiểm soát hoàn toàn thế trận trong hiệp 1, dồn ép đối thủ và nhanh chóng có bàn thắng vươn lên dẫn trước nhờ sự áp đảo của hàng công. Bournemouth bất ngờ vùng lên mạnh mẽ vào đầu hiệp 2, khai thác các lỗ hổng phòng ngự bất cẩn của Arsenal để ghi bàn gỡ hòa khiến thế trận đảo chiều. Trận đấu được đẩy lên đỉnh điểm với một pha thổi penalty đầy tranh cãi từ trọng tài, tạo ra làn sóng phản đối dữ dội từ ban huấn luyện và cầu thủ Arsenal. Những phút bù giờ cuối cùng đầy nghẹt thở, Arsenal ghi được bàn thắng quý như vàng để ấn định chiến thắng sát nút đầy chật vật, giải tỏa áp lực nhưng để lại nhiều hoài nghi về phong độ phòng ngự.","Những sai lầm phòng ngự của Arsenal, pha penalty gây tranh cãi và cú lội ngược dòng đầy may mắn/khó khăn của đội chủ nhà.","5Augh75jX6g","negative","HIGHLIGHTS: ARSENAL - BOURNEMOUTH","https://www.youtube.com/watch?v=5Augh75jX6g"
39,"1","comeback rất rỡ ỉa đúng chính xác vào những người ngu thật giả ngu","'Rỡ ỉa' là lỗi gõ phím của từ 'rởm đời', một tiếng lóng chỉ những người giả tạo, thiếu chân thật hoặc hành xử ngu ngốc. JVevermind là một trong những vlogger đời đầu tại Việt Nam, nổi tiếng với các video phân tích sâu sắc về văn hóa mạng và xã hội.","2026-05-30T09:43:07.494962Z",40,44.57,"youtube","Không mỉa mai","Tiêu cực","2026-05-30T09:43:07.494979Z","Góc nhìn chiêm nghiệm sâu sắc và thẳng thắn của vlogger đời đầu JVevermind về thực trạng đen tối, sự độc hại của mạng xã hội hiện đại, nơi con người bị thao túng bởi thế giới ảo, drama dàn dựng và các hệ thống điều hướng dư luận. Đặt vấn đề về sự thay đổi tiêu cực của mạng xã hội: từ một không gian kết nối bạn bè thuần túy trở thành nơi sản sinh văn hóa 'phông bạt', sống ảo và cuồng si danh vọng giả tạo. Chỉ trích trực diện các vụ tạo scandal, dàn dựng drama tinh vi của những người nổi tiếng (như Phạm Thoại, Thủy Tiên) nhằm thâu tóm sự chú ý của đám đông để trục lợi truyền thông. Phân tích cơ chế kỹ thuật đứng sau hậu trường mạng xã hội, giải thích cách các hệ thống bot AI, tài khoản ảo (clone) và đội ngũ seeding được dùng để kích động tranh cãi, định hướng dư luận và thao túng tâm lý người dùng. Đưa ra lời khuyên mang tính triết lý về cách bảo vệ sức khỏe tinh thần, học cách 'ngừng quan tâm' trước những thị phi vô bổ để tìm lại giá trị sống đích thực ngoài đời thực.","Chỉ trích các vụ drama của Phạm Thoại, Thủy Tiên; giải thích cách bot AI được dùng để kích động tranh luận và định hướng dư luận.","foeGbXU6pGI","negative","Mạng Xã Hội không còn vui nữa","https://www.youtube.com/watch?v=foeGbXU6pGI"
40,"1","diễn kịch có được tuyển không ạ","'Diễn kịch' trong bình luận chỉ việc đóng vai hoặc biểu diễn một tình huống giả định. Video có phần skit với các động tác nhào lộn và trồng cây chuối của cậu bé, nhưng không nêu rõ liệu khả năng diễn xuất có phải là tiêu chí tuyển dụng hay không.","2026-05-30T09:43:25.564248Z",41,17.733,"tiktok","Có mỉa mai","Tiêu cực","2026-05-30T09:43:25.564305Z","Video là một đoạn talking head kết hợp skit tại khu vực sân trước của quán Muội Coffee. Chủ quán ngồi nói về tiêu chí tuyển dụng của quán, trong khi phía sau có một cậu bé liên tục trồng cây chuối, giữ thăng bằng và nhào lộn. Video cũng cắt sang cảnh một bạn nữ cầm nhiều huy chương vàng, được giới thiệu như một thành viên có thành tích thể thao. Phụ đề tiếng Việt chạy khớp theo lời nói, có highlight các từ khóa chính như “tiêu chí tuyển dụng”, “rất đơn giản”, “hơn 20 cái huy chương”. Góc quay chủ yếu là chính diện người nói, xen kẽ các cảnh cận huy chương và cảnh quay xoay để bắt động tác nhào lộn phía sau. Âm thanh là lời nói trực tiếp tiếng Việt với nhịp kể đều, kèm tiếng động hiện trường trong quán.","Bối cảnh sân trước Muội Coffee; chủ quán nói về tuyển dụng; phía sau có cậu bé nhào lộn; một nhân viên cầm nhiều huy chương vàng; phụ đề tiếng Việt highlight từ khóa theo lời nói.","7628919104874892562","positive","Tuyển dụng nhân sự cho Muội Boutique Retreat =))) ...","https://www.tiktok.com/@trugduccafein/video/7628919104874892562?is_from_webapp=1"
41,"1","rốt","Từ 'rốt' là từ lóng trong tiếng Việt, có nghĩa là 'cuối cùng' hoặc 'đến lúc này'. Trong ngữ cảnh này, bình luận có thể ám chỉ đến kết quả cuối cùng của cảnh quay, khi hai người mẫu gặp khó khăn trong việc hoàn thành nhiệm vụ.","2026-05-30T09:43:33.248527Z",42,7.281,"tiktok","Không mỉa mai","Trung lập","2026-05-30T09:43:33.248547Z","Video là một đoạn cắt từ chương trình thực tế, ghi lại cảnh hai người mẫu Hương Ly và Cao Ngân thực hiện phần quay quảng cáo trong bối cảnh studio phông trắng. Hai nhân vật đứng cạnh nhau, cố gắng đọc lời giới thiệu cho thương hiệu thời trang nhưng nhiều lần nói vấp, dùng sai ý và có cử chỉ khá gượng gạo. Máy quay thường zoom cận vào khuôn mặt lúng túng của hai người mẫu và phản ứng quan sát của giám khảo. Trên màn hình có dòng chữ “Khi tôi và con bạn thân đi đóng quảng cáo”, khiến tình huống được đặt trong bối cảnh đời thường, gần với trải nghiệm của người xem. Âm thanh chủ yếu là lời thoại trực tiếp, với giọng nói ngập ngừng và các khoảng lặng làm nổi bật sự khó xử của cảnh quay.","Bối cảnh studio tối giản; hai người mẫu đọc lời quảng cáo không trôi chảy; giám khảo có phản ứng ngơ ngác; text overlay liên hệ tình huống với trải nghiệm đi quay quảng cáo cùng bạn thân.","7619505128890010901","neutral","Ai ép 2 đứa ?? 🙂","https://www.tiktok.com/@vsface/video/7619505128890010901?is_from_webapp=1"
42,"1","xem lại vẫn hài","'Xem lại vẫn hài' chỉ việc người xem cảm thấy nội dung của JVevermind vẫn giữ được sự hấp dẫn và phong cách đặc trưng sau thời gian dài. JVevermind được biết đến với khả năng kết hợp phân tích xã hội với yếu tố giải trí, tạo nên sự hài hước tự nhiên.","2026-05-30T09:48:02.833463Z",43,269.323,"youtube","Không mỉa mai","Tích cực","2026-05-30T09:48:02.833486Z","Góc nhìn chiêm nghiệm sâu sắc và thẳng thắn của vlogger đời đầu JVevermind về thực trạng đen tối, sự độc hại của mạng xã hội hiện đại, nơi con người bị thao túng bởi thế giới ảo, drama dàn dựng và các hệ thống điều hướng dư luận. Đặt vấn đề về sự thay đổi tiêu cực của mạng xã hội: từ một không gian kết nối bạn bè thuần túy trở thành nơi sản sinh văn hóa 'phông bạt', sống ảo và cuồng si danh vọng giả tạo. Chỉ trích trực diện các vụ tạo scandal, dàn dựng drama tinh vi của những người nổi tiếng (như Phạm Thoại, Thủy Tiên) nhằm thâu tóm sự chú ý của đám đông để trục lợi truyền thông. Phân tích cơ chế kỹ thuật đứng sau hậu trường mạng xã hội, giải thích cách các hệ thống bot AI, tài khoản ảo (clone) và đội ngũ seeding được dùng để kích động tranh cãi, định hướng dư luận và thao túng tâm lý người dùng. Đưa ra lời khuyên mang tính triết lý về cách bảo vệ sức khỏe tinh thần, học cách 'ngừng quan tâm' trước những thị phi vô bổ để tìm lại giá trị sống đích thực ngoài đời thực.","Chỉ trích các vụ drama của Phạm Thoại, Thủy Tiên; giải thích cách bot AI được dùng để kích động tranh luận và định hướng dư luận.","foeGbXU6pGI","negative","Mạng Xã Hội không còn vui nữa","https://www.youtube.com/watch?v=foeGbXU6pGI"
43,"1","nghe thật kinh hoàng","'Nghe thật kinh hoàng' là một phản ứng thể hiện sự sốc hoặc ngạc nhiên trước những thông tin tiêu cực hoặc bất ngờ. Video phân tích của Yo Bae đưa ra nhiều bằng chứng về các hành vi bất đạo đức của gia đình Nala, bao gồm việc bóc lột nhân viên và tạo ra nội dung gây tranh cãi để thu hút sự chú ý.","2026-05-30T09:48:09.921412Z",44,6.764,"youtube","Không mỉa mai","Tiêu cực","2026-05-30T09:48:09.921427Z","Video phân tích và bóc phốt dài gần 1 tiếng của YouTuber Yo Bae, vạch trần một cách hệ thống chuỗi chiêu trò truyền thông, drama bẩn và cách làm marketing bất chấp đạo đức của gia đình Nala (gồm Ông Bố Điên, Tớ Là Lộc, Nàng Mơ) nhằm câu view, tạo tiếng vang thương mại cho khu nghỉ dưỡng của họ. Giới thiệu các thành viên trong gia đình Nala (Lê Hồng Kiên, Lê Xuân Lộc, Trà My) và cách họ xây dựng hình tượng gia đình hạnh phúc nhưng đầy thị phi để thu hút sự chú ý của cộng đồng mạng. Phân tích và đưa ra bằng chứng về các trò lừa dối dư luận như việc Lê Xuân Lộc bất ngờ công khai giới tính là nữ (Thục San) và cách cư xử quá mức thân mật, gây phản cảm giữa các thành viên. Vạch trần các bê bối nội bộ và lùm xùm nhân sự tại khu nghỉ dưỡng của gia đình, bao gồm vụ phốt bớt xén lương nhân viên và chiến dịch tuyển dụng 'tình nguyện viên không lương' mang tính bóc lột. Tổng kết về văn hóa 'ráng tạo nội dung' bất chấp đạo đức gia đình để làm truyền thông thương mại, đồng thời đưa ra lời cảnh báo thức tỉnh cộng đồng mạng trước các chiêu trò dẫn dắt dư luận.","Giả giới tính (Thục San), tin đồn ""luận"" giữa anh em, bóc phốt bớt xén lương và tuyển tình nguyện viên làm không công.","toJjgQgBwx0","negative","Vạch Trần Toàn Bộ Chiêu Trò Của Gia Đình Tai Tiếng Nhất Cõi Mạng","https://www.youtube.com/watch?v=toJjgQgBwx0"
44,"1","thế nó mới đời :fire: :fire: :fire:","Biểu tượng ':fire:' là emoji lửa, thường được dùng để biểu thị sự đồng tình mạnh mẽ hoặc nhấn mạnh tính thời sự, mới mẻ của một vấn đề. Thuật ngữ 'đời' trong văn hóa mạng chỉ sự hiện đại, hợp thời hoặc gây sốc theo cách tích cực.","2026-05-30T09:48:21.635130Z",45,11.458,"youtube","Không mỉa mai","Tích cực","2026-05-30T09:48:21.635148Z","Góc nhìn chiêm nghiệm sâu sắc và thẳng thắn của vlogger đời đầu JVevermind về thực trạng đen tối, sự độc hại của mạng xã hội hiện đại, nơi con người bị thao túng bởi thế giới ảo, drama dàn dựng và các hệ thống điều hướng dư luận. Đặt vấn đề về sự thay đổi tiêu cực của mạng xã hội: từ một không gian kết nối bạn bè thuần túy trở thành nơi sản sinh văn hóa 'phông bạt', sống ảo và cuồng si danh vọng giả tạo. Chỉ trích trực diện các vụ tạo scandal, dàn dựng drama tinh vi của những người nổi tiếng (như Phạm Thoại, Thủy Tiên) nhằm thâu tóm sự chú ý của đám đông để trục lợi truyền thông. Phân tích cơ chế kỹ thuật đứng sau hậu trường mạng xã hội, giải thích cách các hệ thống bot AI, tài khoản ảo (clone) và đội ngũ seeding được dùng để kích động tranh cãi, định hướng dư luận và thao túng tâm lý người dùng. Đưa ra lời khuyên mang tính triết lý về cách bảo vệ sức khỏe tinh thần, học cách 'ngừng quan tâm' trước những thị phi vô bổ để tìm lại giá trị sống đích thực ngoài đời thực.","Chỉ trích các vụ drama của Phạm Thoại, Thủy Tiên; giải thích cách bot AI được dùng để kích động tranh luận và định hướng dư luận.","foeGbXU6pGI","negative","Mạng Xã Hội không còn vui nữa","https://www.youtube.com/watch?v=foeGbXU6pGI"
45,"1","ông này xưa chuyên ca khía như thế nào bây giờ thấy ít ít nhỉ","'Ca khía' là từ lóng chỉ việc hát hay trình bày nhạc với giọng điệu cao, điệu bộ lạ, thường được sử dụng để mô tả phong cách biểu diễn của một số nghệ sĩ nhạc rap hoặc ca nhạc trong những năm 2000-2010. Kênh Vui Vẻ trước đây từng nổi tiếng với các video phân tích, phê bình các xu hướng mạng xã hội bằng giọng điệu hài hước và mỉa mai.","2026-05-30T09:48:44.206431Z",46,22.269,"youtube","Không mỉa mai","Trung lập","2026-05-30T09:48:44.206447Z","Video bình luận mang giọng điệu mỉa mai và hài hước của kênh Vui Vẻ trong 14 phút, tổng hợp và phê phán gay gắt các trào lưu vô tri, nhảm nhí, đần độn và có phần độc hại đang lan truyền mạnh mẽ trên mạng xã hội TikTok và YouTube hiện nay. Liệt kê và châm biếm các trào lưu vô tri nổi bật như trend cố tình 'gửi nhầm ảnh nhạy cảm' rồi xem đó là trò đùa, các thử thách nguy hiểm để câu like và sự thịnh hành của hệ tư tưởng Alpha male lỗi thời. Phân tích sự biến tướng và thương mại hóa quá đà của các trào lưu 'chữa lành' (Healing) giả tạo, đánh vào tâm lý yếu đuối của người trẻ nhằm mục đích trục lợi tài chính. Bóc trần hiện tượng vô đạo đức khi vụ việc đau lòng của chàng trai 'Mèo Béo' bị hàng loạt TikToker, YouTuber lợi dụng cắt ghép, dựng content giả câu view bất chấp nỗi đau của người trong cuộc. Đưa ra lời cảnh báo nghiêm túc về tác hại lâu dài của các nội dung bẩn, vô bổ (nhux Skibidi Toilet) đến tư duy nhận thức của trẻ em, kêu gọi người dùng tỉnh táo thanh lọc không gian mạng.","Phân tích sự biến tướng của trào lưu ""Healing"", vụ việc ""Mèo Béo"" bị lợi dụng câu view, sự ảnh hưởng xấu của content ""bẩn"" tới trẻ em.","fnTfJ130mjw","negative","Tất cả những trend đần độn nhất trên mạng xã hội trong 14 phút","https://www.youtube.com/watch?v=fnTfJ130mjw"
46,"1","2 anh em đã vậy làm sao vô địch cup c1 được coi chung mặt bằng về tay MC","'Cúp C1' là tên gọi cũ của UEFA Champions League. 'MC' là viết tắt của Manchester City, đội bóng đang thống trị bóng đá Anh trong những năm gần đây với lối chơi tấn công và phòng ngự chắc chắn, đồng thời đã vô địch Champions League mùa giải 2022-2023.","2026-05-30T09:49:32.812123Z",47,48.335,"youtube","Có mỉa mai","Tiêu cực","2026-05-30T09:49:32.812139Z","Diễn biến toàn bộ trận đấu bóng đá kịch tính giữa Arsenal và Bournemouth. Arsenal (đội cửa trên) được kỳ vọng sẽ giành chiến thắng dễ dàng nhưng đã vấp phải sự kháng cự mãnh liệt và suýt bị cầm hòa hoặc thua, gây tâm lý căng thẳng tột độ cho người hâm mộ trước khi có màn lội ngược dòng may mắn. Arsenal kiểm soát hoàn toàn thế trận trong hiệp 1, dồn ép đối thủ và nhanh chóng có bàn thắng vươn lên dẫn trước nhờ sự áp đảo của hàng công. Bournemouth bất ngờ vùng lên mạnh mẽ vào đầu hiệp 2, khai thác các lỗ hổng phòng ngự bất cẩn của Arsenal để ghi bàn gỡ hòa khiến thế trận đảo chiều. Trận đấu được đẩy lên đỉnh điểm với một pha thổi penalty đầy tranh cãi từ trọng tài, tạo ra làn sóng phản đối dữ dội từ ban huấn luyện và cầu thủ Arsenal. Những phút bù giờ cuối cùng đầy nghẹt thở, Arsenal ghi được bàn thắng quý như vàng để ấn định chiến thắng sát nút đầy chật vật, giải tỏa áp lực nhưng để lại nhiều hoài nghi về phong độ phòng ngự.","Những sai lầm phòng ngự của Arsenal, pha penalty gây tranh cãi và cú lội ngược dòng đầy may mắn/khó khăn của đội chủ nhà.","5Augh75jX6g","negative","HIGHLIGHTS: ARSENAL - BOURNEMOUTH","https://www.youtube.com/watch?v=5Augh75jX6g"
47,"1","ông bến tre","'Ông Bến Tre' là biệt danh của ông Võ Văn Kiệt, nguyên Thủ tướng Việt Nam, gắn liền với tỉnh Bến Tre. Bình luận này không liên quan trực tiếp đến nội dung video nhưng có thể là một cách diễn đạt ngẫu nhiên hoặc ám chỉ sự kiên nhẫn trong mối quan hệ.","2026-05-30T09:49:50.784828Z",48,17.663,"tiktok","Không mỉa mai","Trung lập","2026-05-30T09:49:50.784844Z","Video sử dụng các meme mèo được cắt ghép trên nền bối cảnh ban công để mô tả những trạng thái cảm xúc thay đổi của một cô gái trong mối quan hệ lâu dài. Một nhân vật mèo đại diện cho “tôi” đứng khá tĩnh, trong khi nhân vật mèo còn lại đại diện cho “ẻm” thay đổi liên tục qua nhiều biểu cảm và hành động. Text overlay mở đầu bằng câu “Pov: Quen nhau đủ lâu để thấy đủ nhân cách của em”, sau đó là các câu thoại như “A có iu pe hăm?”, “Đêm nay anh là của tôiiii”, “Hình như anh hết thương em rùi!” và “Biến đi thằng choá”. Video không có người thật xuất hiện, toàn bộ diễn biến dựa trên hình mèo, text và hiệu ứng âm thanh. Âm thanh thay đổi theo từng phân cảnh, gồm tiếng cười, tiếng khóc, âm thanh trẻ con và các hiệu ứng hành động ở đoạn cuối.","Meme mèo trên nền ban công; nhân vật “tôi” đứng yên còn nhân vật “ẻm” thay đổi liên tục; text overlay dùng teencode và câu thoại tình cảm; hiệu ứng âm thanh chuyển nhanh theo từng trạng thái.","7628876598191623432","positive","Là sao nữaaa. ...","https://www.tiktok.com/@bbs.house/video/7628876598191623432?is_from_webapp=1"
48,"1","nhìn vuốt trưởng xử lý tù vãi lồn chày","'Vuốt trưởng' là từ lóng chỉ cầu thủ tiền vệ (midfielder) trong bóng đá, thường được gọi là 'vuốt' vì vai trò điều khiển và truyền bóng. 'Tù vãi lồn chày' là một cách diễn đạt không chuẩn mực, có thể ám chỉ việc cầu thủ này xử lý bóng kém hiệu quả hoặc sai lầm trong trận đấu. Trong trận đấu này, Arsenal đã gặp nhiều khó khăn trong việc kiểm soát bóng và phòng ngự, đặc biệt là sau bàn thắng gỡ hòa của Bournemouth.","2026-05-30T09:50:33.348807Z",49,42.328,"youtube","Không mỉa mai","Tiêu cực","2026-05-30T09:50:33.348823Z","Diễn biến toàn bộ trận đấu bóng đá kịch tính giữa Arsenal và Bournemouth. Arsenal (đội cửa trên) được kỳ vọng sẽ giành chiến thắng dễ dàng nhưng đã vấp phải sự kháng cự mãnh liệt và suýt bị cầm hòa hoặc thua, gây tâm lý căng thẳng tột độ cho người hâm mộ trước khi có màn lội ngược dòng may mắn. Arsenal kiểm soát hoàn toàn thế trận trong hiệp 1, dồn ép đối thủ và nhanh chóng có bàn thắng vươn lên dẫn trước nhờ sự áp đảo của hàng công. Bournemouth bất ngờ vùng lên mạnh mẽ vào đầu hiệp 2, khai thác các lỗ hổng phòng ngự bất cẩn của Arsenal để ghi bàn gỡ hòa khiến thế trận đảo chiều. Trận đấu được đẩy lên đỉnh điểm với một pha thổi penalty đầy tranh cãi từ trọng tài, tạo ra làn sóng phản đối dữ dội từ ban huấn luyện và cầu thủ Arsenal. Những phút bù giờ cuối cùng đầy nghẹt thở, Arsenal ghi được bàn thắng quý như vàng để ấn định chiến thắng sát nút đầy chật vật, giải tỏa áp lực nhưng để lại nhiều hoài nghi về phong độ phòng ngự.","Những sai lầm phòng ngự của Arsenal, pha penalty gây tranh cãi và cú lội ngược dòng đầy may mắn/khó khăn của đội chủ nhà.","5Augh75jX6g","negative","HIGHLIGHTS: ARSENAL - BOURNEMOUTH","https://www.youtube.com/watch?v=5Augh75jX6g"
49,"1","dạ giấy báo tử của cả lò nhà mình đây","'Giấy báo tử' là một cách nói lóng để chỉ một sự kiện hoặc màn trình diễn gây ấn tượng mạnh đến mức khiến khán giả cảm thấy như đang chứng kiến một kết thúc (báo tử) của một giai đoạn hay một phong cách. Ca khúc 'Giấy ghi chú tâm nguyện' mang phong cách thanh xuân và ngọt ngào, phù hợp với chủ đề chương trình.","2026-05-30T09:51:01.548241Z",50,27.899,"youtube","Có mỉa mai","Tiêu cực","2026-05-30T09:51:01.548257Z","Màn trình diễn ca khúc 'Giấy ghi chú tâm nguyện' ngọt ngào và trẻ trung của nhóm nghệ sĩ Lý Tiểu Nhiễm, Đường Nghệ Hân và Vương Mông tại vòng Công diễn 1 của chương trình thực tế 'Chị Đẹp Đạp Gió 2026'. Giới thiệu các thành viên trong đội hình (Lý Tiểu Nhiễm, Đường Nghệ Hân, Vương Mông), ý tưởng dàn dựng sân khấu lấy cảm hứng thanh xuân và quá trình luyện tập vất vả trước giờ G. Mở đầu tiết mục với giai điệu nhẹ nhàng, các nghệ sĩ xuất hiện rạng rỡ trong trang phục dễ thương, mang lại không khí trong trẻo và hoài niệm cho khán giả. Đoạn cao trào của ca khúc phô diễn sự kết hợp giọng hát hòa quyện, vũ đạo đồng đều và các khoảnh khắc tương tác ngọt ngào giữa các tỷ tỷ trên sân khấu. Phần kết thúc tiết mục trong tiếng reo hò cổ vũ của khán giả tại trường quay, nhận xét từ ban giám khảo và màn reaction đầy hào hứng của các nghệ sĩ khác từ phòng chờ.","Sự kết hợp giữa các nghệ sĩ Lý Tiểu Nhiễm, Đường Nghệ Hân; phong cách biểu diễn trẻ trung, mang tính giải trí thuần túy.","yM8XxAwUM_M","positive","GIẤY GHI CHÚ TÂM NGUYỆN","https://www.youtube.com/watch?v=yM8XxAwUM_M"
